Component_ID,Lot_ID,Time_hr,Leakage_uA,Voltage_V,Current_mA,Prop_Delay_ns,Temperature_C,Defect_Label
C_00001,L_001,0,8.73260360477852,3.251224120283654,17.414019221911957,4.205113616126692,55.90054143496775,0
C_00001,L_001,24,9.413128864937557,3.2786739018106603,18.75287194583113,4.233254534560015,55.76336603204485,0
C_00001,L_001,96,12.17760984292325,3.311687733556301,19.04188982027397,4.223321459934729,59.65066540850203,0
C_00001,L_001,168,14.69138083228499,3.2987518522253434,20.41681193640463,4.187762818223842,61.849340879005204,1
C_00002,L_002,0,9.157394897983941,3.3133077296388334,18.164449828963836,4.216509304463839,54.48600661340427,0
C_00002,L_002,24,10.2112253236997,3.2898396245903845,17.76949077191781,4.169591948012942,58.088413775038035,0
C_00002,L_002,96,11.843793223646365,3.297151313558628,17.621929585366864,4.17559217994378,66.02488959280488,0
C_00002,L_002,168,13.589213417186809,3.31357885670763,17.70052063172009,4.2242864529226685,73.78071134538965,1
C_00003,L_003,0,8.501927265177954,3.316972839076797,18.03041058127,4.2115647759476,56.045714533537826,0
C_00003,L_003,24,8.308334071380036,3.292008219591067,17.788332305568243,4.319444886070267,56.9004030138634,0
C_00003,L_003,96,9.16653771264288,3.278354222107669,18.435725259566166,4.712685209135368,59.24125786995655,0
C_00003,L_003,168,9.253569986006221,3.314655558283982,18.320051960906785,5.246733889407997,62.59813796401707,1
C_00004,L_004,0,8.116457670947403,3.2681078419165517,17.490020753698435,4.163221908559936,56.02957105750858,0
C_00004,L_004,24,8.259265472368675,3.317262133851694,17.80773630914856,4.208484444785926,56.73945003572166,0
C_00004,L_004,96,8.426155634075972,3.311419380938935,,4.194049274708826,60.322137044189375,0
C_00004,L_004,168,8.514796046369227,3.312174312019639,17.788768946908775,4.215499764749107,62.541914527202,0
C_00005,L_005,0,8.72879527402244,3.289417542198896,17.96412680509212,4.132506622641679,55.79846213076734,0
C_00005,L_005,24,8.629017383145527,3.2750688293099626,18.179898402025547,4.165923694928455,54.40632217594944,0
C_00005,L_005,96,9.462706363376363,3.2910934007234642,18.33188200581019,4.171226721371034,59.1176335065813,0
C_00005,L_005,168,9.419583256296514,3.2915241731024856,18.37813866185583,4.145907183072306,62.753474930558845,0
C_00006,L_006,0,8.46880613669218,3.301803237692847,17.76172828092129,4.209307048454188,54.28702005316384,0
C_00006,L_006,24,9.130466777630632,3.294016109313174,17.539426128320162,4.20931388254111,56.169079717485275,0
C_00006,L_006,96,9.425950420868446,3.3208777811478645,18.16059197661728,4.267103544220212,59.835424592194684,0
C_00006,L_006,168,9.405291461562514,3.2768356014648616,17.824585588579904,4.159932554097748,61.573484334812576,0
C_00007,L_007,0,8.701801428152725,3.3078378461862545,18.377156955552472,4.279869235667672,53.23503244659681,0
C_00007,L_007,24,9.057917184580845,3.2752615469992032,17.04057917367091,4.212851315636611,59.639492102065944,0
C_00007,L_007,96,9.204712651222067,3.2846975800235048,17.936644101112627,4.251210637802934,58.595899257056175,0
C_00007,L_007,168,9.547076158850691,3.2741086561793544,17.24639267488304,4.195547683637066,63.18845828093441,0
C_00008,L_008,0,8.594245326411325,3.287517610036521,17.46677530511234,4.161395329510706,55.15632942576746,0
C_00008,L_008,24,8.961010147930727,3.2794653330193904,18.377320141681356,4.166025770019377,55.27258586541424,0
C_00008,L_008,96,9.128776914987114,3.2960840525585478,17.981656863239056,4.182379920754253,60.68931618687766,0
C_00008,L_008,168,9.45918885962238,3.269359855905819,17.424928091556172,4.221903516708885,63.5352866417785,0
C_00009,L_009,0,9.626812584615763,3.3326500435426705,18.098722125613737,4.183562910766651,54.85763400866814,0
C_00009,L_009,24,9.773572316634773,3.3383938997998994,18.08245549674986,4.153164095874037,57.47040359492901,0
C_00009,L_009,96,10.356660020186434,3.3430916430195823,17.91921635402283,4.19324393572599,57.92963753233377,0
C_00009,L_009,168,10.223321604290106,3.2776318245261042,18.28949705761007,4.199215795085617,64.75373315069064,0
C_00010,L_010,0,8.734761428332419,3.3022646226725434,18.289772456974585,4.117993115958759,55.40508945855872,0
C_00010,L_010,24,8.425865312958543,3.269529673489409,17.604831434882062,4.188777919514825,56.084395060541006,0
C_00010,L_010,96,8.627592277364062,3.30076578731486,17.78212375499989,4.19546450479695,60.67051162225579,0
C_00010,L_010,168,9.251899950163818,3.3334349526860683,17.930472444337546,4.187162295533172,64.20330939036552,0
C_00011,L_011,0,8.148108975181644,3.302262244540697,18.102702748562507,4.300698961501357,55.21188803014445,0
C_00011,L_011,24,8.297927503799071,3.2928154159612704,17.341451099173348,4.178514576584318,58.39507067639515,0
C_00011,L_011,96,8.993202394807572,3.2817729040564094,17.70563410196949,4.1226798673818825,59.95015457573698,0
C_00011,L_011,168,8.909551585060997,3.286764014315848,17.605412649824586,4.211229497829898,62.80480089534611,0
C_00012,L_012,0,7.052854061421033,3.2725803605386337,18.826611087744592,4.316202686769617,57.55509653443396,0
C_00012,L_012,24,7.262973102104939,3.3085388887735125,18.77791393998252,4.162668574005728,54.736977188266735,0
C_00012,L_012,96,7.6031820428471795,3.3108691518616653,17.830729767946455,4.203218509990787,59.27709515629804,0
C_00012,L_012,168,7.554393370069907,3.293340312749776,18.104476450331816,4.192786911247239,61.35012502995602,0
C_00013,L_013,0,8.923393119293452,3.3013288836894463,18.000037976891136,4.171137678658286,55.18651519320216,0
C_00013,L_013,24,8.98477726201794,3.3523292077232645,18.70800970611386,4.217576719245117,56.52265025686511,0
C_00013,L_013,96,9.228690436627668,3.3297785738272214,18.11823715131621,4.227777164707094,58.655759919794846,0
C_00013,L_013,168,10.022499080117472,3.311360508455359,17.500306192013486,4.196139007702002,60.906496815630966,0
C_00014,L_014,0,8.710974154797691,3.2937005655448277,18.068653130446112,4.258859678919727,54.649394577035736,0
C_00014,L_014,24,8.793556277034908,3.304412810534311,18.133197295359196,4.187266273890006,53.06286701373959,0
C_00014,L_014,96,9.214990356506451,3.3431837553541044,17.309762367787737,4.243124549119357,57.46336243245427,0
C_00014,L_014,168,9.464674631979976,3.273677537232401,17.849494722439857,4.267001783787959,62.605769732252526,0
C_00015,L_015,0,9.046894271598719,3.343598363154195,18.197546921432235,4.233119527071882,56.41289426677323,0
C_00015,L_015,24,9.1495917228734,3.282564404417493,18.445312770567686,4.155010712218263,55.7869719986155,0
C_00015,L_015,96,9.61256070554986,3.3292811773366826,18.337891044929066,4.2813972748773015,60.51024898232976,0
C_00015,L_015,168,9.873175069765251,3.298326170677545,17.472596763332334,4.194268806305349,63.87692962936637,0
C_00016,L_016,0,9.450390777334432,3.300819552321906,17.452547932778494,4.173154388904137,54.1612834857055,0
C_00016,L_016,24,9.980975484168397,3.315219036805611,16.968919721130856,4.214317526304068,56.51726850871864,0
C_00016,L_016,96,10.267997812162733,3.34040524204128,17.071542775437866,4.184927291563785,59.65786885930766,0
C_00016,L_016,168,10.329288812020398,3.3368987262013374,18.165760475715295,4.248863359433736,63.70908758735202,0
C_00017,L_017,0,8.232257480559435,3.305860022317467,18.121654457676776,4.165466189410425,56.28216586718685,0
C_00017,L_017,24,8.28782945770564,3.3095848466088373,18.449920911109633,4.159801413863721,55.965822726568724,0
C_00017,L_017,96,8.956777741962638,3.2814102942796857,17.629987492219357,4.216663676244677,59.421417735045075,0
C_00017,L_017,168,9.067004663221903,3.3332240147609244,18.385557292154935,4.248672802675602,64.01326222858238,0
C_00018,L_018,0,8.632247538354893,3.3401063590379283,17.794035256069428,4.204315217773721,54.75380597336075,0
C_00018,L_018,24,8.896118646639623,3.268708819647346,17.279424928296514,4.17037740554184,57.714317964689776,0
C_00018,L_018,96,9.853810615046614,3.3069068544832136,17.364255352248435,4.116167291106123,60.09899249864896,0
C_00018,L_018,168,10.249468556595502,3.311484644292915,18.315879131799573,4.220529657282347,63.06522430246846,0
C_00019,L_019,0,9.025251972446517,3.295509714654213,18.08854924349563,4.232821139016697,55.63607764672176,0
C_00019,L_019,24,9.364119439108748,3.2933540302021154,17.947106024702343,4.23532361882382,55.67036773618766,0
C_00019,L_019,96,9.391592833965122,3.2629453650639295,16.949872746068262,4.181440850965222,57.17975612616358,0
C_00019,L_019,168,9.928327241011328,3.304944752048546,18.490147873519856,4.268107445290708,63.89932067967329,0
C_00020,L_020,0,8.435871765402759,3.2851399911950314,17.333758569345743,4.164474645850654,55.11055199012093,0
C_00020,L_020,24,8.880778811581818,3.3430192457791494,17.378018318080333,4.2178559558732545,55.71323711716783,0
C_00020,L_020,96,9.27016917122294,3.2967228337328067,17.17609237836861,4.245703308234169,58.322775844439526,0
C_00020,L_020,168,9.53721183959822,3.2732561897177574,17.7055725254906,4.232115617627796,62.27399914462952,0
C_00021,L_001,0,8.455248059339587,3.2914303462283905,17.33541398241942,4.242688896662879,55.43430622471461,0
C_00021,L_001,24,8.527569106993578,3.3095844278295616,17.940988111408494,4.216093892904709,55.74507133634044,0
C_00021,L_001,96,9.029039479074726,3.3017345283783195,18.072085766992682,4.251621034870085,61.912643643580125,0
C_00021,L_001,168,9.043376167791736,3.2993534288011532,18.141258695155898,4.181665247762024,61.98520676067918,0
C_00022,L_002,0,7.169741203394642,3.292670210333781,18.87175402309328,4.244239734796292,53.65913906441247,0
C_00022,L_002,24,7.341782295248087,3.2898230440912415,17.872036272881957,4.209555883119473,54.988347803247194,0
C_00022,L_002,96,7.298804304077363,3.326596288318359,17.48612779823592,4.20882499106592,60.31443391179904,0
C_00022,L_002,168,7.480701242218609,3.335830362665154,18.041184080177942,4.238231083813192,66.11720847191499,0
C_00023,L_003,0,8.417706008537477,3.2787115702703558,18.299513356341045,4.243411480177836,54.0646211239295,0
C_00023,L_003,24,8.38312504453463,3.3113491394827173,17.861097125004115,4.2395647421614635,56.58269483154182,0
C_00023,L_003,96,8.657434648261912,3.2502297001219,17.32722262639776,4.263125917763985,57.373741270370424,0
C_00023,L_003,168,8.871531690480618,3.2624374135989775,16.665962022971257,4.193260179682694,64.07422197836603,0
C_00024,L_004,0,10.173004946283237,3.2609760411751387,17.866204486786064,4.203979098920629,54.328513256740614,0
C_00024,L_004,24,10.370257791589898,3.308616130655901,18.300746708148598,4.174607965853627,56.03953636067189,0
C_00024,L_004,96,10.936987883595506,3.2757462620087145,17.600536954928447,4.262002802024238,60.648807061521225,0
C_00024,L_004,168,11.312333626932677,3.2889366072026953,18.65477050932182,4.220259432672218,62.770387215965926,0
C_00025,L_005,0,8.421358199059394,3.288785894799291,18.20355027778941,4.13736963711278,54.56587542706699,0
C_00025,L_005,24,8.650638930341568,3.328695316518339,16.922582862794787,4.170680226138691,56.90782222603849,0
C_00025,L_005,96,9.06946923712788,3.3061916475277235,17.91934801854761,4.198436325813509,57.54766678994765,0
C_00025,L_005,168,9.725373197945606,3.274786598951422,18.318082338404572,4.2415066388154194,62.808978154343926,0
C_00026,L_006,0,9.060839750850864,3.297822645723687,17.86181255174944,4.169858896785705,55.35570160097039,0
C_00026,L_006,24,8.594211132457401,3.277780067169227,17.968193828256567,4.215514662282766,54.90414193816374,0
C_00026,L_006,96,9.051488197887215,3.322504614100499,18.332735702535427,4.202185496274549,59.632799041691165,0
C_00026,L_006,168,9.659070067172895,3.3046993396871525,17.34834273326323,4.212280789760624,62.21650062640234,0
C_00027,L_007,0,8.361557021105664,3.3334046525003043,18.561577493276744,4.189899306627882,55.227812071404934,0
C_00027,L_007,24,8.262086413126497,3.2710913084933666,17.867799485931542,4.159257536285783,56.579002348264034,0
C_00027,L_007,96,9.272727638060339,3.270584632014267,17.623141468161663,4.217989363303826,60.42870435058536,0
C_00027,L_007,168,8.910528781823743,3.3062259030576735,18.8195844828659,4.148929634072829,64.93333937819955,0
C_00028,L_008,0,7.704519787003573,3.306041492995521,17.20126707316104,4.220616416116033,54.3752939045735,0
C_00028,L_008,24,7.8655441717515195,3.284310311589077,17.713523122603995,4.223788121575039,55.449810478030365,0
C_00028,L_008,96,7.95047791069315,3.2578600670653795,18.242115497967713,4.167199106504453,60.48694035023289,0
C_00028,L_008,168,7.847224179295341,3.3111580536885765,17.637030493061683,4.163694613989579,63.282331333905915,0
C_00029,L_009,0,9.230886288361472,3.2889836894607565,18.01444845328692,4.2107565379071445,54.263227838328525,0
C_00029,L_009,24,9.17078460792177,3.2866636913208818,17.814762755002707,4.256648562734991,55.39925802190281,0
C_00029,L_009,96,9.00059755425878,3.340273424875297,19.14719757867315,4.192360657953456,58.32272530841365,0
C_00029,L_009,168,9.727928836827127,3.292844426253983,17.914534271539985,4.170464478323126,60.675794351255774,0
C_00030,L_010,0,9.016548211438614,3.3513171245486473,18.077382149596676,4.18650699351726,53.20671325621683,0
C_00030,L_010,24,9.126780267164131,3.256733209862319,18.073975816339786,4.186524299164345,55.97245328556812,0
C_00030,L_010,96,9.360706705153662,3.341697190277988,17.503316685998097,4.232061795243541,61.78881858697582,0
C_00030,L_010,168,9.611653040751658,3.3044349028659235,18.54563347657422,4.202048331828536,63.383280316549474,0
C_00031,L_011,0,7.254004776621667,3.2979603057578717,17.232456502793017,4.135373666427173,53.91709228624899,0
C_00031,L_011,24,8.094524647441608,3.2358813914544857,18.710322673616517,4.213037647353827,56.721337345487775,0
C_00031,L_011,96,10.57054817627462,3.320895197407858,19.585779208723622,4.303875519878792,58.71477878258479,0
C_00031,L_011,168,13.49632778120522,3.295826801747286,20.867549140240357,4.240003408049926,63.504226318469925,1
C_00032,L_012,0,9.304968935231482,3.3197700430294748,18.67426849813353,4.181646380274028,54.47751103246725,0
C_00032,L_012,24,10.040852489537935,3.2938559624996775,18.42842414391295,4.112071765518095,57.06170009807687,0
C_00032,L_012,96,11.622816898865503,3.2419910996903463,17.566362700034038,4.171965183937592,64.29366822941401,0
C_00032,L_012,168,13.743318949214608,3.2938734837202324,17.536133825877982,4.212721818351459,72.7586744145774,1
C_00033,L_013,0,9.364960347678304,3.29446159710673,18.291368110819263,4.199454128328188,53.90731013929426,0
C_00033,L_013,24,9.15311375740855,3.299697883730293,17.90518949353658,4.296364363035836,56.98485352056463,0
C_00033,L_013,96,9.687881493066063,3.2912261904445503,17.539973873258702,4.776152842523067,57.69525503398614,0
C_00033,L_013,168,9.37893270333044,3.2625840327524167,17.58470110114713,5.273447154668813,64.35362262881917,1
C_00034,L_014,0,8.541294430494814,3.3111953429180674,18.026223448920952,4.221949552754565,53.63180689704852,0
C_00034,L_014,24,8.924624527559814,3.3039529771226275,18.349995325088216,4.234423188420636,55.917651953743004,0
C_00034,L_014,96,8.86529362310005,3.3250436349412875,,4.167746507790896,57.62758217815845,0
C_00034,L_014,168,9.682871537106122,3.323270955658763,18.808917535095443,4.235651902884058,60.76819751214524,0
C_00035,L_015,0,8.245930665690667,3.2746233023567792,18.92194004288848,4.271406736082885,55.01374155000479,0
C_00035,L_015,24,8.203991604429955,3.3213754831074316,18.287831884274055,4.219844682111019,57.50611556312366,0
C_00035,L_015,96,8.693950572687383,3.318500355907608,18.286607827517493,4.222203084891514,61.071026891881104,0
C_00035,L_015,168,8.804474651843005,3.286095201028772,17.42407156906199,4.282272664772033,60.85966664434298,0
C_00036,L_016,0,10.028409260391468,3.3003013295150456,18.091258774604,4.156261145181521,55.30625610022705,0
C_00036,L_016,24,9.966791274228376,3.267433697079138,17.976961299682532,4.198953674588585,56.61924670825575,0
C_00036,L_016,96,10.628755411720368,3.3002861359772866,18.111954289410487,4.210339923695597,61.72850197140214,0
C_00036,L_016,168,10.784835322534034,3.2962237030598267,17.66425578450637,4.164987378443074,62.75650321824534,0
C_00037,L_017,0,8.92577203543415,3.324892534647498,18.476650682503344,4.24103347371541,52.85595098635831,0
C_00037,L_017,24,8.917125292588706,3.2729075293160483,18.15507220713766,4.217314058517464,56.189552991138896,0
C_00037,L_017,96,9.631364333004367,3.2966942835867203,17.44010735451261,4.195807164690994,61.116225905354646,0
C_00037,L_017,168,9.761127556092337,3.2855526472980583,18.113798166736455,4.1948416903435755,63.26067743377263,0
C_00038,L_018,0,8.209292531408341,3.306830100571303,17.48725694950879,4.180750355045384,54.51760890384495,0
C_00038,L_018,24,8.06433616426016,3.2470836387757367,17.16216968104087,4.2033072550059245,57.8681894707569,0
C_00038,L_018,96,8.576810728056092,3.3303547457232123,16.797224505103678,4.224408783548662,59.608529305067805,0
C_00038,L_018,168,8.719450349832387,3.2905048372052526,17.66119863724712,4.179226158156899,64.87372584216429,0
C_00039,L_019,0,8.331147535976644,3.3476265053516117,18.016009414643083,4.270147641068044,57.20486401058503,0
C_00039,L_019,24,8.563822041121199,3.3091368618160706,19.43048415571539,4.236194280136649,56.03089876327296,0
C_00039,L_019,96,9.160496356929604,3.290954186572891,17.779612417694455,4.244915482967113,58.72271113548681,0
C_00039,L_019,168,9.482065512739137,3.300349630546632,18.151462406972446,4.231998635897446,63.03730270532538,0
C_00040,L_020,0,7.019509302705515,3.2985397189035326,18.037791451491504,4.172259753417109,53.82157669620364,0
C_00040,L_020,24,7.1442893530899365,3.2898264062806857,17.73680663928015,4.2002793663292834,57.14009537205872,0
C_00040,L_020,96,7.524733359895933,3.3181070669364057,18.028351065750616,4.132893578438953,59.906065713005255,0
C_00040,L_020,168,8.024209825892367,3.294475817055341,17.953460948891415,4.213880701738791,60.64969027152356,0
C_00041,L_001,0,8.296937000934982,3.2726669035528153,18.130012500225916,4.249797895145858,53.66667411889893,0
C_00041,L_001,24,8.191930620072151,3.2574001784347404,17.625133474741794,4.179833701643049,55.625249816969735,0
C_00041,L_001,96,9.05221530724875,3.2922063417294387,18.47220282474453,4.1815307363441745,59.081362218722894,0
C_00041,L_001,168,9.53450241513716,3.2616089482518467,18.175361267394003,4.219102127349051,61.96521844862935,0
C_00042,L_002,0,8.632643927751618,3.2943642137692972,17.425342599763397,4.202796783239793,54.25335106564634,0
C_00042,L_002,24,8.27810370380579,3.309925832500387,18.250011939892556,4.177256149132687,54.85136290247463,0
C_00042,L_002,96,9.07665965092084,3.335907543914082,18.238236033206576,4.263108577054857,60.75631474548425,0
C_00042,L_002,168,9.265973573788726,3.278324868591914,18.053651637507325,4.19214203123213,60.74304188643113,0
C_00043,L_003,0,8.338172127729427,3.294193266751894,18.034070979580576,4.200240667217443,54.796336244295546,0
C_00043,L_003,24,8.634823976420195,3.341184849940083,18.139329036859124,4.225724732584282,56.68084602202494,0
C_00043,L_003,96,8.893388134546438,3.3235072366220897,18.38968588728772,4.2170358178832315,58.19039116040589,0
C_00043,L_003,168,9.481681283959684,3.3300076564564827,18.1302116206307,4.200772067377159,64.06367275148155,0
C_00044,L_004,0,7.973374571314454,3.256913414814864,18.203295870423442,4.219101173490672,55.459462883662056,0
C_00044,L_004,24,8.504306419135514,3.334263524715353,17.782186440792294,4.291859669638977,54.74794260668923,0
C_00044,L_004,96,8.71311901897418,3.340421859962465,18.058962202287038,4.168477669343797,59.569124747616954,0
C_00044,L_004,168,8.640450295083161,3.2658814586949605,17.88487556789663,4.185312316240102,62.86832705796685,0
C_00045,L_005,0,9.03793768251914,3.305578050460154,18.2775663898604,4.1600115108532245,54.660645101022915,0
C_00045,L_005,24,9.365831219923928,3.2896915781948817,17.362421058331407,4.219895365518181,54.89295198371162,0
C_00045,L_005,96,9.221275808206075,3.30573704288659,18.33101239159277,4.22354688663968,60.12747233866779,0
C_00045,L_005,168,9.573851710216754,3.3082760038749046,17.863821108238298,4.195688393651014,63.758377780513676,0
C_00046,L_006,0,9.271054343464872,3.297256645459245,18.158724073361853,4.23067291487137,57.15324406552043,0
C_00046,L_006,24,9.219796512571522,3.3205938282969045,17.97332280928833,4.172971379687911,56.2882706820165,0
C_00046,L_006,96,9.795972923200429,3.3000748322799986,18.153094489590753,4.235374598259517,59.07406089242554,0
C_00046,L_006,168,10.303603821122632,3.3094710650864596,17.444334110889834,4.27269219164745,62.55019024452287,0
C_00047,L_007,0,7.90569055044806,3.301304332966438,17.876767272504193,4.186526721294377,53.74594754849644,0
C_00047,L_007,24,8.1941745545732,3.307901196766107,18.18442280579791,4.226788243862947,56.88649950143612,0
C_00047,L_007,96,8.197953034715981,3.245494748387763,18.01622696705901,4.208386109682455,57.04188456129564,0
C_00047,L_007,168,8.607881041378455,3.305069376206309,17.774837515171395,4.234406444501829,64.25463872974761,0
C_00048,L_008,0,7.985058811594884,3.3201419659810623,18.304830615911538,4.161808327314767,56.18336358035292,0
C_00048,L_008,24,8.30818004698924,3.302548147184316,17.656954443887557,4.167774616399835,57.31153009671803,0
C_00048,L_008,96,8.571046461063089,3.276109370814965,18.19688051187894,4.158901207416293,58.92623347914494,0
C_00048,L_008,168,8.784057406342022,3.3611282536264726,17.380207955015834,4.273880582659605,62.75511769867338,0
C_00049,L_009,0,8.654940517066239,3.2961578723909493,18.654322581655855,4.181741154231012,55.14201749606585,0
C_00049,L_009,24,8.575905299792353,3.2984937038399678,17.517616851469402,4.220343805956758,57.50153862947224,0
C_00049,L_009,96,9.028972343981742,3.295077857532402,17.498422366619433,4.1993997224293365,61.30557971974041,0
C_00049,L_009,168,9.229583493658907,3.305669651152728,18.593555938983627,4.32736843444918,61.08864688833417,0
C_00050,L_010,0,8.047165864036021,3.310814861293154,18.02786241765598,4.204415829024489,55.29250297648198,0
C_00050,L_010,24,7.96598008242796,3.2614093699369477,18.29396019747655,4.191074853539429,55.652857347465144,0
C_00050,L_010,96,8.64891897622607,3.3198733063228905,18.08116377436188,4.182329231105791,58.85612189184117,0
C_00050,L_010,168,9.36138949617675,3.312363916383071,18.43814858010484,4.264678399872552,64.47155154677874,0
C_00051,L_011,0,9.38460842468553,3.2725665581363237,18.315325420586813,4.145767441154938,55.718016456489856,0
C_00051,L_011,24,9.66002662053697,3.321005504067355,18.66932923035864,4.191275881795366,55.18933779670708,0
C_00051,L_011,96,9.785052373403913,3.3025507824310143,18.035544922353004,4.253918647721697,58.18872996189645,0
C_00051,L_011,168,10.294643434346161,3.2752843212641345,18.202642775119717,4.215124342007425,62.56647548999587,0
C_00052,L_012,0,7.9415027399201605,3.344283531056692,17.955699298961456,4.190244155592906,54.77898910418173,0
C_00052,L_012,24,7.917517678130957,3.293423164388591,17.69136629572051,4.257411160877969,53.62591599372497,0
C_00052,L_012,96,8.575427981223822,3.301542615851259,18.01675252638971,4.205019570662929,59.373503240953106,0
C_00052,L_012,168,8.917924131754782,3.2420097318312195,17.099304415002596,4.193273166757756,63.00455550194575,0
C_00053,L_013,0,8.471005253037795,3.325476092331044,18.46358793141873,4.207362313250862,55.56770463763297,0
C_00053,L_013,24,8.715302134071004,3.285962924330428,18.31401757755,4.206567382046004,57.298046229841354,0
C_00053,L_013,96,9.309527037538121,3.238728196786498,17.362042123428193,4.161088611516455,59.57303638753395,0
C_00053,L_013,168,9.376735331876885,3.2623168588056735,17.55667888546013,4.180566332859057,62.564087222917436,0
C_00054,L_014,0,10.1997518721979,3.2712699000702923,17.14134131404863,4.195324792543659,54.50590069877842,0
C_00054,L_014,24,10.44708707429767,3.2599948537739127,17.657111493760382,4.208087940954971,54.94543476296432,0
C_00054,L_014,96,11.128995039201518,3.266987775396074,18.384608578561004,4.176562960707355,60.01088008876929,0
C_00054,L_014,168,11.643425041467806,3.265590312523051,17.857711032938465,4.229614549682551,63.75942949752877,0
C_00055,L_015,0,9.170427705109802,3.293583647090006,18.337554815461626,4.2773517394075276,56.83813466872126,0
C_00055,L_015,24,8.870835293411103,3.276836672221071,18.668213454030234,4.159811615109352,58.495438663796776,0
C_00055,L_015,96,9.312758845314118,3.3105056677368645,17.953921482025006,4.182548883755206,57.984379211478554,0
C_00055,L_015,168,9.580451634126455,3.278012259283526,19.026734794774228,4.226900442847422,62.19094504593059,0
C_00056,L_016,0,9.067291621436652,3.2337072916270198,17.379895825418462,4.127575252800784,54.776851987376745,0
C_00056,L_016,24,9.07292579876533,3.3331238919845405,17.98000372453304,4.253765407635704,53.44311660931522,0
C_00056,L_016,96,9.706028230934738,3.2774775751173855,18.235777929386703,4.237719997934403,60.06460766370962,0
C_00056,L_016,168,9.942962137183939,3.3141546939643707,17.75270132049146,4.17008926270916,62.30802324931957,0
C_00057,L_017,0,7.618455518188784,3.3006646335331524,18.256741666262318,4.224727628586612,55.392411842547176,0
C_00057,L_017,24,8.086785555642777,3.274967714181086,18.75761379429211,4.180903796960629,58.005113287004136,0
C_00057,L_017,96,8.156623113064088,3.2896962655385757,17.18653641310128,4.201708848162776,60.825275946373885,0
C_00057,L_017,168,8.605955897354354,3.337919816428481,17.64139005481649,4.227078829700771,61.12874011763327,0
C_00058,L_018,0,8.090289047462603,3.343491201048275,17.782995384583685,4.23997345329898,55.929393644638445,0
C_00058,L_018,24,8.317276756138073,3.288821058566751,17.977698523101786,4.1975229019709,56.25975323840648,0
C_00058,L_018,96,8.523643729977902,3.3162562251394587,18.267099612707504,4.270050054728135,58.56816003361362,0
C_00058,L_018,168,8.567411348949419,3.309326307960854,17.719379689833804,4.215934212644582,64.73921376148357,0
C_00059,L_019,0,8.160930142557998,3.3298404642964092,17.023223065592063,4.119435896205388,55.43643778041155,0
C_00059,L_019,24,8.362601253593105,3.306261157506519,17.403121753506653,4.201213508708843,57.09786352912087,0
C_00059,L_019,96,8.954697506440791,3.30424266362857,17.80242574045278,4.1927885144966535,61.97563986391018,0
C_00059,L_019,168,9.307341492588902,3.3211370777120464,17.290971302773222,4.1885433243077275,60.44496253295998,0
C_00060,L_020,0,7.449582369538679,3.3153567609589265,18.339234781470157,4.189955896478524,55.06417795218628,0
C_00060,L_020,24,7.70910207920061,3.3308225483525673,16.74990257367214,4.188241920655116,53.166006930875696,0
C_00060,L_020,96,8.224328109499618,3.2831221511964133,18.181779309331024,4.231189845338193,58.155427637267856,0
C_00060,L_020,168,8.234023928686089,3.3094011092405653,17.331725034392655,4.26261654253175,65.20347100767603,0
C_00061,L_001,0,7.536324624188872,3.3057192507232234,18.435359822816256,4.211717352939892,54.97330264618095,0
C_00061,L_001,24,8.65734903949013,3.318550722574487,17.5120479124582,4.159152216590149,54.236180065842674,0
C_00061,L_001,96,11.31422460898325,3.3102992895531687,20.265344092001918,4.227313539711677,60.62328089632639,0
C_00061,L_001,168,14.339514344085313,3.2946548860477374,20.14095275637168,4.232111855929885,63.78946561251981,1
C_00062,L_002,0,9.088065716548442,3.3081710867597005,17.670471578369067,4.236637212091184,53.76112357653418,0
C_00062,L_002,24,9.21257126253747,3.314056821797862,17.41865297929574,4.2162479452995445,57.44045438955497,0
C_00062,L_002,96,11.09939050897755,3.290594697405413,17.77180262380729,4.192157829637624,67.58126005499238,0
C_00062,L_002,168,12.704861960792899,3.322907786026864,17.22005590355596,4.249480002016485,72.69524478634267,1
C_00063,L_003,0,8.353373024433107,3.3311408740042965,18.431815736587534,4.139409808968258,53.647614507758966,0
C_00063,L_003,24,8.296698529554197,3.2598682188216856,17.989066177303133,4.359581379561331,57.13780242813641,0
C_00063,L_003,96,8.584547203969246,3.3072807854211845,18.663125126513894,4.829041356396427,60.23871890001635,0
C_00063,L_003,168,8.824316762186353,3.295883724311401,17.211555642272863,5.218767322329293,59.55953405546071,1
C_00064,L_004,0,9.104282214773995,3.283202199408008,18.664827135376516,4.178297687195527,55.40368112642785,0
C_00064,L_004,24,9.003254588191808,3.346557939034872,18.271193600837925,4.194842863436847,56.697512129669896,0
C_00064,L_004,96,9.299136577058484,3.3295632685438163,,4.200408647969492,60.262084383428444,0
C_00064,L_004,168,9.661217046961184,3.31736676529071,18.115158082546902,4.241069925656121,62.41001326204142,0
C_00065,L_005,0,8.80519544881382,3.2608017395892372,18.567421795603344,4.254716298028839,54.49738150728995,0
C_00065,L_005,24,8.923210495900781,3.324887257073633,18.43701255307031,4.203263744623892,55.12026657569843,0
C_00065,L_005,96,8.838540243055398,3.309763264907988,18.630533823765255,4.215823997285886,59.31075718156616,0
C_00065,L_005,168,9.378923289073644,3.32302876865987,18.294596787801503,4.244819956260999,61.90626765223525,0
C_00066,L_006,0,7.94096692416712,3.3059237152886487,17.962448047548033,4.182400491818812,53.95816788323106,0
C_00066,L_006,24,8.079055163153324,3.328021016285079,17.70091829997159,4.2165665242491315,52.59611455364306,0
C_00066,L_006,96,8.767205290949153,3.296399308498633,18.130518178417592,4.301602620246697,57.902606055458264,0
C_00066,L_006,168,8.65772248871904,3.285169495378241,17.85350474481621,4.235395929939061,64.81972812070728,0
C_00067,L_007,0,8.345785325504378,3.357489727325933,18.04083415368848,4.2714127357689895,56.76061750085085,0
C_00067,L_007,24,8.6268451339706,3.2818847237120568,17.615808349835664,4.220531095343457,56.571640450109896,0
C_00067,L_007,96,8.722265775429705,3.2678401666229075,17.3878837351698,4.15148597248398,60.75769246238695,0
C_00067,L_007,168,8.99623434405402,3.3281260980427003,17.993962895883836,4.124583409706486,60.87885346447274,0
C_00068,L_008,0,8.059182853440294,3.29023305993502,18.767633706245054,4.217999133653862,57.51519850027053,0
C_00068,L_008,24,8.436531582209499,3.3082485884664314,18.349924288625342,4.1697634043871465,56.818832831076854,0
C_00068,L_008,96,8.452081957843962,3.3082091993207885,18.08043343347885,4.183919705043745,60.62509886611841,0
C_00068,L_008,168,8.870481390741716,3.273207466828456,17.84087336627386,4.170840454585133,62.97277766960922,0
C_00069,L_009,0,8.483291992638087,3.285842627110475,17.71892846630317,4.253005869154994,55.85437242758926,0
C_00069,L_009,24,8.722193257456977,3.3124679860267428,17.051763443701642,4.2004175135572215,56.53920507759705,0
C_00069,L_009,96,8.977169064216527,3.301697829229233,18.24665777083899,4.2443956383040025,61.96844558479428,0
C_00069,L_009,168,8.843569277490742,3.3052572822771533,17.67830554714612,4.267481010488797,60.603039968532165,0
C_00070,L_010,0,7.769436243546839,3.294146861567927,17.915227142731027,4.1830214916087245,53.478383299787204,0
C_00070,L_010,24,8.515333260332365,3.295740289416097,17.039387849635414,4.226834120362548,57.43751198969283,0
C_00070,L_010,96,8.460955460424675,3.3245369937327025,17.475827356592532,4.288921644018835,60.23786084563886,0
C_00070,L_010,168,8.645790392729637,3.2578163076396662,17.58138089072848,4.275654745869013,61.848686696229755,0
C_00071,L_011,0,8.298477655819374,3.334096258123317,17.893503528906646,4.128770475697461,55.2843464664631,0
C_00071,L_011,24,8.54433686528178,3.3098877276590626,17.29482378739405,4.173169156366529,55.1789690325151,0
C_00071,L_011,96,8.762594517823125,3.265602160284961,17.717233001346234,4.179427009161048,58.873362952385875,0
C_00071,L_011,168,9.357277571390139,3.2963547385477794,17.82358209185817,4.220596972481564,63.925839911714306,0
C_00072,L_012,0,7.829131055266235,3.270913155005193,18.072926801578294,4.229188626951348,53.87173454928914,0
C_00072,L_012,24,8.006802389864777,3.2945016051183416,18.15367890849156,4.2016253064187135,54.238339181899256,0
C_00072,L_012,96,7.951694539245978,3.300735589389624,18.46295141388548,4.120003933729709,57.827109435510614,0
C_00072,L_012,168,8.56970196518642,3.2961743530948446,18.247591123211897,4.186877236764087,63.4148718957619,0
C_00073,L_013,0,8.616141504726734,3.275375126806889,17.795012469748457,4.144542309869192,52.18678802989735,0
C_00073,L_013,24,8.461746379571457,3.281760570146609,18.170086949097616,4.220244393902041,54.45089349915649,0
C_00073,L_013,96,8.67576582320252,3.339444205123297,17.5195828039298,4.206374033923312,59.9564481470181,0
C_00073,L_013,168,9.000215361763159,3.2644559087663856,17.859440051254857,4.26932484383469,64.35922778462351,0
C_00074,L_014,0,8.831571207011951,3.307205476577258,17.886431643756982,4.1982968551582225,54.73877836787841,0
C_00074,L_014,24,8.892362238795842,3.313303234347036,19.31141009178694,4.131063391569814,56.23717559019519,0
C_00074,L_014,96,9.218860118829248,3.314435064437981,18.020950862997537,4.239045619533128,59.96024360045654,0
C_00074,L_014,168,9.731609356834902,3.328301307210354,16.945065947795094,4.278618091916641,64.41060789181054,0
C_00075,L_015,0,8.673004927635679,3.3036484573536193,17.99233294979814,4.2113227435204,53.53614910619017,0
C_00075,L_015,24,8.64871165124228,3.3243454767929324,18.003726859481066,4.193991582697875,57.4442753359731,0
C_00075,L_015,96,9.488723473321095,3.2396473037242237,18.29177730505742,4.1488871951525095,57.8060902901667,0
C_00075,L_015,168,9.808447727310698,3.329238453682347,17.91960517394375,4.187234457554173,63.06414949514097,0
C_00076,L_016,0,8.150964716145987,3.294088839500887,17.294770309236547,4.215538968034062,55.64355636301707,0
C_00076,L_016,24,8.496200324634207,3.3032155398122813,19.074128309808266,4.158137434993885,54.031078293622585,0
C_00076,L_016,96,9.106065290840984,3.3297847410072854,17.686704576789044,4.217530125706367,59.44823406217981,0
C_00076,L_016,168,9.254622104696788,3.282532989100379,17.95980581878467,4.151077904988932,63.002399227698106,0
C_00077,L_017,0,8.393877256002396,3.3247132965712862,18.164036267096762,4.170959396091961,54.72709670482734,0
C_00077,L_017,24,8.534313934512447,3.2743647468055523,17.757984894139287,4.251279689634064,55.80613660665147,0
C_00077,L_017,96,9.279216917808911,3.2865420949284605,18.111576402383342,4.202915608485677,58.804024502363596,0
C_00077,L_017,168,9.427256450366952,3.260686793749939,17.378122935886367,4.193724900242289,64.0476679201113,0
C_00078,L_018,0,8.15808719953012,3.2565571351215716,18.09163493041941,4.154881879059773,54.44107820217031,0
C_00078,L_018,24,7.861566257209481,3.2418657156281427,18.10657175255461,4.278259155633824,55.55077553439793,0
C_00078,L_018,96,8.199234360681636,3.325623042328135,17.926220924987852,4.18533302103017,59.02730261338626,0
C_00078,L_018,168,8.584205470396203,3.2971707897567772,17.544292266875328,4.220063868411108,60.2691163155339,0
C_00079,L_019,0,7.970514916197381,3.3261828821518438,17.37104122659672,4.173491943665789,55.72754938733045,0
C_00079,L_019,24,8.495528168800988,3.3024400998123857,17.576761403024452,4.180971964874861,58.45039257573704,0
C_00079,L_019,96,8.542900177935516,3.2977282267593506,17.986125368662115,4.199996424183224,59.659358948931406,0
C_00079,L_019,168,8.686715746934478,3.322865601349671,17.384249566101996,4.207417779538429,61.26962551723199,0
C_00080,L_020,0,8.32710310955585,3.312664578854756,17.409688575400256,4.226849120464548,54.53364018271982,0
C_00080,L_020,24,8.057637429976673,3.307845475502678,17.77871366112144,4.237857089795775,55.21327491534267,0
C_00080,L_020,96,8.351059978250849,3.2835907276612972,17.74546256324023,4.252539090793341,58.642016497612495,0
C_00080,L_020,168,9.07123385033213,3.356691105097481,17.53617733563045,4.217816765093091,63.75455555233236,0
C_00081,L_001,0,7.336371901004707,3.2737028181775396,17.935072029665886,4.151331263264544,54.243900987693195,0
C_00081,L_001,24,7.4283729579154825,3.3702392242524097,17.796876997066022,4.205023562819539,57.1534094938223,0
C_00081,L_001,96,8.101391560016726,3.327987517020073,18.13361214183125,4.154699326620246,58.01701915006933,0
C_00081,L_001,168,7.793163904173762,3.336558881586834,18.36413762933393,4.21881756153951,63.25280025326954,0
C_00082,L_002,0,6.877856100237042,3.327729245287303,17.283594148991344,4.212062092272516,55.825313357919846,0
C_00082,L_002,24,6.41475469782517,3.299802387115669,18.123229079238804,4.190112273748988,57.361475402636664,0
C_00082,L_002,96,6.815783631526007,3.291817364243624,17.933367417953512,4.186032571554426,57.34883434494713,0
C_00082,L_002,168,7.028416352226125,3.3110613651242424,17.8630079567145,4.198614042865279,62.46838541611024,0
C_00083,L_003,0,8.44454646929599,3.300992338164939,18.43233043841751,4.12188737879807,55.57244215267175,0
C_00083,L_003,24,8.530382458861556,3.299822078621787,18.07657962443637,4.18365777413596,53.77425649902639,0
C_00083,L_003,96,8.758322578217324,3.312099557348788,17.882627193717937,4.124263853066853,60.36865298051649,0
C_00083,L_003,168,8.919708566173693,3.3161139602995995,17.604160907684623,4.24195177574671,63.92308344964455,0
C_00084,L_004,0,8.956608970355067,3.3186818012785864,18.025834532147172,4.155306895917949,53.94866809092645,0
C_00084,L_004,24,9.265599330341066,3.302199072408275,18.098813217230976,4.191794621075428,56.64039668488919,0
C_00084,L_004,96,9.49152396523003,3.2853169809309053,18.004943481087388,4.2437295896794645,61.34536329428784,0
C_00084,L_004,168,9.910003465384507,3.249056787306632,18.01471285136397,4.1702677673117385,61.20315219588655,0
C_00085,L_005,0,8.182445687081264,3.292516552306207,18.302451441793398,4.219005122693921,54.23014873506058,0
C_00085,L_005,24,8.229684016203262,3.326093584943012,18.177019591614343,4.146264374832812,55.31253670744761,0
C_00085,L_005,96,8.422490646260474,3.335312826749025,18.46084447792846,4.220166847608165,60.35817024483423,0
C_00085,L_005,168,8.937773978697715,3.3169630987850005,17.833149823742072,4.224422794825595,63.188679412123435,0
C_00086,L_006,0,8.820368270033214,3.2733881813468457,17.177222109851325,4.229193151560621,54.260568712011164,0
C_00086,L_006,24,9.380033030938842,3.2593478877843367,18.32618460220029,4.259027111139799,58.31355459335647,0
C_00086,L_006,96,9.40609365228291,3.249802673729883,18.12003127558949,4.16602903939404,59.023256594542175,0
C_00086,L_006,168,9.37117588242362,3.3135714556119398,18.46103070394201,4.183672805531393,63.23956202149382,0
C_00087,L_007,0,7.539467284842007,3.2612245146912984,18.203858440340476,4.182001184725414,54.68030375910979,0
C_00087,L_007,24,7.570137119989807,3.3267826134732403,18.27132162468985,4.196941814682917,54.85197399248287,0
C_00087,L_007,96,7.538413880832645,3.300809252518176,18.06629504871891,4.18977796823148,60.314354593586394,0
C_00087,L_007,168,7.6843178911234284,3.312745517694403,18.248336447189082,4.098313604772117,63.5225500031489,0
C_00088,L_008,0,9.472776638623479,3.292067831868689,17.340216307888706,4.156250517531333,54.26074116933265,0
C_00088,L_008,24,8.940573491118304,3.32822477752405,17.97520405543097,4.15444704392516,57.37514403844189,0
C_00088,L_008,96,9.09803486769869,3.3216556300214632,18.329592514393276,4.139804983216387,58.87169048466534,0
C_00088,L_008,168,9.120452772354943,3.3323377492114843,17.39245539684311,4.2791691641874,62.5156894577768,0
C_00089,L_009,0,8.302402290999824,3.268134539949612,18.042672086878667,4.150883377972327,54.18727097918887,0
C_00089,L_009,24,8.440454225734886,3.254928595089553,17.661527609369617,4.165778741598723,53.52641769237132,0
C_00089,L_009,96,9.055276273222011,3.301410289179239,18.1104169540479,4.137515496717738,58.52596928499759,0
C_00089,L_009,168,8.920164312773485,3.274386777177175,18.408628279583095,4.166892136563959,62.215244239635695,0
C_00090,L_010,0,8.169255491960401,3.2932276593232266,17.893741458699907,4.170624489704348,55.1971847912583,0
C_00090,L_010,24,8.407447455125036,3.2977846513686706,17.806293749942117,4.234004618363658,56.72496978505368,0
C_00090,L_010,96,8.549313564125397,3.302617250747203,18.763464007336882,4.154957180250581,59.28842747885155,0
C_00090,L_010,168,8.503729795190974,3.3054318289557156,18.70878727242393,4.2345467409786925,63.92382827166642,0
C_00091,L_011,0,8.57406624820525,3.280350584801716,17.86955597303631,4.207935246425058,55.037256640586264,0
C_00091,L_011,24,9.344131326832358,3.2659939140601955,18.53296911888286,4.22395578762154,55.22219666062038,0
C_00091,L_011,96,12.272466241979997,3.302196690927018,19.604976350386018,4.220724925596931,59.84942110451239,0
C_00091,L_011,168,14.612661122958738,3.3553538153947975,20.29662205906592,4.1883648915551825,62.89015197669815,1
C_00092,L_012,0,9.02088896223655,3.297645135616229,17.500081007152925,4.247551364574155,53.31425014286761,0
C_00092,L_012,24,9.20589922217927,3.344429571006443,18.296458815764787,4.201735012517855,58.32223925734396,0
C_00092,L_012,96,11.30632009476368,3.299297923122399,17.702864947790104,4.231845446143712,67.19397685246042,0
C_00092,L_012,168,13.124418631798946,3.2802503411533097,18.058468434374735,4.212208048569514,73.57192356078878,1
C_00093,L_013,0,7.128228080176756,3.3051352631740314,17.784862624010778,4.252329864275197,55.67818405457172,0
C_00093,L_013,24,7.761711060869814,3.290077153969055,18.051186669068766,4.374473461236803,55.55069529187249,0
C_00093,L_013,96,7.961691557769427,3.275157553072338,18.132566779151272,4.816905588911514,59.016361711839075,0
C_00093,L_013,168,8.266579532627333,3.2809140170672335,17.379382836893136,5.175226595660195,63.792044990148405,1
C_00094,L_014,0,8.805177527744622,3.3191716823332262,17.448882850057256,4.246357983295076,55.122707991576895,0
C_00094,L_014,24,9.199298505020945,3.314577703391443,17.778213103996997,4.129734324299385,59.57178325062498,0
C_00094,L_014,96,9.314698661402772,3.2638248855896244,,4.21948592929246,58.8481653357923,0
C_00094,L_014,168,9.833878285227703,3.295678222938914,18.4340478070077,4.213706515252191,63.45562509673678,0
C_00095,L_015,0,8.678241206808979,3.2505562734408215,17.88229714452012,4.20225986767973,54.58941653112154,0
C_00095,L_015,24,9.025455671612734,3.3013438140747624,17.02979639727328,4.165537870763678,54.5995010988066,0
C_00095,L_015,96,9.401857890715162,3.271158127090006,18.07130162272488,4.249467717585848,60.06014524391113,0
C_00095,L_015,168,9.61556204986638,3.2883005921668924,17.71679498204947,4.233712791316386,63.93248755078908,0
C_00096,L_016,0,8.858950292262561,3.3023648133239423,18.353109922259257,4.234832910814665,55.15824857574538,0
C_00096,L_016,24,8.512578121369438,3.3385873214003636,18.115496428820517,4.133563421323013,55.17742518658737,0
C_00096,L_016,96,9.356395228251204,3.2930080792216776,17.76957236130639,4.264606702983948,58.71484517476612,0
C_00096,L_016,168,9.45320405704722,3.3052846618762066,18.175704719424246,4.2348537213736295,61.74325542433943,0
C_00097,L_017,0,9.181208964521547,3.3015674575809175,18.048390381024134,4.208603925432762,55.58726072672609,0
C_00097,L_017,24,9.445857081632536,3.3011054250725045,17.63589330677653,4.204849707465366,57.069904911956456,0
C_00097,L_017,96,9.734896226301455,3.35516313267851,17.764302249656446,4.225462989336443,59.53780722955368,0
C_00097,L_017,168,10.07195656952558,3.358446127979304,17.829882318720834,4.227963568892802,64.28215448069315,0
C_00098,L_018,0,8.198170709790304,3.307977370850589,18.56660168220063,4.196201387576293,55.29872069247599,0
C_00098,L_018,24,8.6177900881826,3.3098559412360506,17.676233304309655,4.174372306652935,55.74425490705034,0
C_00098,L_018,96,8.55536562381873,3.290890567677669,18.057313114045417,4.206031081593898,58.44021267399096,0
C_00098,L_018,168,8.490079573937583,3.2731106928464246,18.100933788231718,4.239038371387996,63.87779088952912,0
C_00099,L_019,0,8.718877652291134,3.28696153388034,17.5752209138751,4.2520463339460814,55.812981810509676,0
C_00099,L_019,24,9.03924105898282,3.331180285528561,19.265692161707424,4.133773812986451,56.90296299208997,0
C_00099,L_019,96,9.05213963278603,3.2787295094404323,17.515087538578328,4.196585306009214,58.68537667437604,0
C_00099,L_019,168,9.456067670671002,3.3012924580357152,18.216462899143647,4.23530913806553,61.54007554165271,0
C_00100,L_020,0,9.099302398365452,3.25343788118438,17.5489309144052,4.130379880438888,57.5453720831604,0
C_00100,L_020,24,9.130337099145462,3.288289357552513,18.90491675058023,4.224102172105934,56.16365869783871,0
C_00100,L_020,96,9.270140537874644,3.2750213777167243,18.01656247459363,4.215491714157518,60.44274660516417,0
C_00100,L_020,168,9.69075022782047,3.3003518020718374,17.90318287540299,4.182464383506133,60.77242611946265,0
C_00101,L_001,0,8.081187857514305,3.3270214051237716,17.86754352441274,4.181753752155386,55.108960028332056,0
C_00101,L_001,24,8.172305445935788,3.289144989168528,18.355677064634776,4.241326270789096,56.66804395109831,0
C_00101,L_001,96,8.652535089171295,3.278339596533514,18.00625419419963,4.2090225364361755,61.12145233021898,0
C_00101,L_001,168,8.485653965411798,3.262860949919223,18.041705750713053,4.184265773618083,62.88231171776099,0
C_00102,L_002,0,8.46736914139118,3.303773038170162,18.26067688709442,4.287434550656705,53.68040998498679,0
C_00102,L_002,24,8.586852611737472,3.2730609667783166,17.42089165175863,4.2654560350137904,56.47560458031016,0
C_00102,L_002,96,8.534655332229349,3.299022526969586,17.959413413980176,4.172471168313697,58.463252835508605,0
C_00102,L_002,168,9.166880265698499,3.2798501597792047,17.37284738203522,4.2527037448359915,62.63403213754428,0
C_00103,L_003,0,8.590575634197684,3.298632389078768,18.524552440447717,4.1585367210052135,53.1013995806477,0
C_00103,L_003,24,8.929174044711756,3.2404683164969517,18.465203775572505,4.1548448342546,56.041433285043375,0
C_00103,L_003,96,9.101171475582756,3.327114659786596,18.247915971402094,4.1134798089022295,59.96982316357689,0
C_00103,L_003,168,9.330765934658562,3.295125502847005,18.214924828390547,4.246574662226788,62.05826490341281,0
C_00104,L_004,0,8.738929590706908,3.3104092037034736,17.509298736352285,4.225250989204863,52.78439558665542,0
C_00104,L_004,24,8.942042860558619,3.22340550334219,17.42486023677969,4.2775904234851,57.23292909957791,0
C_00104,L_004,96,8.856932792635927,3.330881184707757,18.006010016194654,4.252769048129738,58.91558321979451,0
C_00104,L_004,168,9.591490985291113,3.3090752311928626,18.31386974036445,4.306097217942244,63.33235041026324,0
C_00105,L_005,0,9.295170973430011,3.3300675201634036,17.808027757623407,4.2465977778075255,55.53599381833468,0
C_00105,L_005,24,9.604374757822056,3.281249956593787,17.77166974061981,4.189898095204459,57.25614802231859,0
C_00105,L_005,96,9.13596943619827,3.2309331123581564,17.80438523682459,4.223345750959425,58.98316199138204,0
C_00105,L_005,168,9.799393336179174,3.3003343953178965,18.580963074832862,4.225456816509198,62.408133785392906,0
C_00106,L_006,0,9.013554199949114,3.3124030177022195,18.16484982014252,4.188468581674908,56.64254155828428,0
C_00106,L_006,24,9.523773051343438,3.293240076447614,18.188759201783963,4.252454015177635,56.62883592556676,0
C_00106,L_006,96,9.477987712525069,3.2404152824260657,18.23251626839181,4.119792458226507,60.939732508561704,0
C_00106,L_006,168,9.860679284458094,3.3249918504967995,17.594049987818526,4.152899701067998,64.76392467712948,0
C_00107,L_007,0,8.637767099430715,3.3691858973008064,18.375536496316077,4.241979944234533,54.4101510086114,0
C_00107,L_007,24,8.991142605202064,3.295248208177481,17.07535741154612,4.194599411822617,57.155581412721176,0
C_00107,L_007,96,8.857209399417512,3.2955908512377667,17.688703615648958,4.268652598645154,60.54551142342437,0
C_00107,L_007,168,9.455984833483695,3.3155400328280242,17.98323783635154,4.2229022513011,63.899348418487875,0
C_00108,L_008,0,7.683689039756364,3.3302316142106343,18.707101117237066,4.262799939399958,55.18009735641403,0
C_00108,L_008,24,7.586777813633046,3.3120083573970343,19.13935710498398,4.261346825291414,54.94522883090449,0
C_00108,L_008,96,7.654827866815013,3.2779200092211216,18.35500854752246,4.164544978002055,60.914705165826625,0
C_00108,L_008,168,7.778413846883419,3.33982280222807,17.840386213668147,4.117430014457096,62.713876378823635,0
C_00109,L_009,0,8.807504407212146,3.2931574001045556,18.355653261803116,4.138685404865892,55.0511572293253,0
C_00109,L_009,24,9.027445222451348,3.2846478806163906,17.27603698082851,4.228885070873127,55.52244007291191,0
C_00109,L_009,96,9.139840694893953,3.2509788600382614,18.31768638601447,4.142175913314642,60.919142127958416,0
C_00109,L_009,168,9.231817777995579,3.2710040178558257,17.80114049231414,4.20766809774291,63.3705591322178,0
C_00110,L_010,0,8.210488581630415,3.307029329141087,17.68609925703166,4.165362404646709,54.4647167458494,0
C_00110,L_010,24,8.201713543680093,3.291135311318716,16.93251201237142,4.180714262232081,54.16586158400022,0
C_00110,L_010,96,8.778985579058524,3.2574305347026673,17.351392140119675,4.252970214295657,58.490187736322625,0
C_00110,L_010,168,8.70724872430093,3.284197854429777,18.277305928448992,4.121916008122187,64.62811578895676,0
C_00111,L_011,0,7.1187330049760975,3.3025234197933786,18.510205172653805,4.284275389331126,56.85986867935495,0
C_00111,L_011,24,7.272417845846864,3.345551380533571,17.315010326163858,4.243246099965011,55.45063897507917,0
C_00111,L_011,96,7.528745588015758,3.293934523814993,17.568894779684445,4.169247351465098,58.34944993259506,0
C_00111,L_011,168,7.924349746824784,3.296756594920287,18.031550921429947,4.237846962651642,63.33169723710451,0
C_00112,L_012,0,8.303519592666001,3.29059739523601,17.793863189249343,4.23075863486295,55.98321171647169,0
C_00112,L_012,24,7.855751142869549,3.2899209330767487,18.243508877198117,4.169039487513471,57.12578214555171,0
C_00112,L_012,96,8.31979344336296,3.324898467120556,17.727930622719207,4.134876050090202,59.078787785810555,0
C_00112,L_012,168,8.428572307988823,3.267170807045001,17.93042515862104,4.167444793856095,60.70008303897815,0
C_00113,L_013,0,8.27612230779932,3.316548689735763,18.0072582368742,4.181558948776766,54.47139056698241,0
C_00113,L_013,24,8.168634120204418,3.314604226833807,17.59157212225473,4.203602087367426,55.62297795490952,0
C_00113,L_013,96,8.362452919227508,3.319053731048967,17.873969117903606,4.281232508417033,57.13348508903294,0
C_00113,L_013,168,8.57818839529512,3.299104381333351,17.954866049650466,4.21042711327981,61.94251386307674,0
C_00114,L_014,0,8.619568476995882,3.3203829018042907,17.684204874179947,4.23063821810905,56.65328348352969,0
C_00114,L_014,24,8.948969519416826,3.3552660219348307,17.945062250412875,4.114441117510561,55.228467314264755,0
C_00114,L_014,96,9.372419884836033,3.313826919675631,18.112011119403764,4.248918162809622,58.913741051534785,0
C_00114,L_014,168,9.76790452414816,3.3229855919161744,18.684765203731633,4.22935184335625,63.581344127098106,0
C_00115,L_015,0,9.500899756321184,3.305405116908067,18.36219625463807,4.204949600576456,54.27824702612919,0
C_00115,L_015,24,9.294688166623674,3.335899850444193,18.249858033425742,4.133683930753639,55.43903836175319,0
C_00115,L_015,96,9.910613123384906,3.2946550784537507,17.18978458871962,4.284293383988331,59.31313522353718,0
C_00115,L_015,168,9.87428692085097,3.290714556597948,18.48705836840628,4.193320663990952,63.81887101177535,0
C_00116,L_016,0,9.404972162121597,3.2956257990821456,18.47053805409417,4.165386286715927,55.29361831058482,0
C_00116,L_016,24,9.622264593364603,3.3157809582016786,18.216108518630296,4.218451991927579,54.19654699066089,0
C_00116,L_016,96,10.052069880281653,3.2988610468311363,17.78079889763317,4.196095776081213,59.18678011742351,0
C_00116,L_016,168,9.99668492097238,3.312494702607395,17.24440030756933,4.210670666467081,65.424767638531,0
C_00117,L_017,0,8.218053909197474,3.2475198414359685,18.377805640848415,4.257400247119557,55.466845108520516,0
C_00117,L_017,24,8.38140042817506,3.3011514534644277,18.59767047940311,4.269438200556461,57.93100635361303,0
C_00117,L_017,96,8.238294025853607,3.305033621330373,18.197782264931142,4.1361867498147395,60.93171101487932,0
C_00117,L_017,168,8.907891848328434,3.3159984041450197,18.66303588664879,4.222316589205148,63.56323279154493,0
C_00118,L_018,0,8.380267639509135,3.331657613929234,18.617554054289933,4.1603557473765065,54.021008022418684,0
C_00118,L_018,24,8.653784539981304,3.3084952143622606,18.207098387745777,4.2419168758678305,57.30445570832178,0
C_00118,L_018,96,9.27033698188192,3.307735320993998,18.28088292261129,4.175240924909939,59.670690413664396,0
C_00118,L_018,168,9.448146796041653,3.3178249356336273,17.276316384954807,4.182091919076836,65.5903908128458,0
C_00119,L_019,0,9.673410768760197,3.2864054298911816,18.63509264364452,4.196486572855852,52.70346431820529,0
C_00119,L_019,24,9.823455020366374,3.277562675728633,17.553218936474728,4.194282920326933,56.388505166081785,0
C_00119,L_019,96,9.745859134779751,3.2582991350027726,18.370674417169706,4.184452296068749,60.564035930974036,0
C_00119,L_019,168,10.025365011931251,3.2830255171412004,17.996594716515983,4.252215114304915,62.52932878449566,0
C_00120,L_020,0,7.9721823593504215,3.338433938797445,18.09515706856376,4.177919010839537,54.17853277098424,0
C_00120,L_020,24,8.489500553699767,3.3366550704906417,17.632443069328385,4.200445504739693,55.956697385440435,0
C_00120,L_020,96,8.520849368168536,3.29860787368375,18.002395287203264,4.254179807728899,59.67961676462966,0
C_00120,L_020,168,9.091540174676233,3.2946511714034794,18.298931535925036,4.1915924620429195,64.44891003397345,0
C_00121,L_001,0,8.589817497897844,3.3361764674007772,17.929610334385515,4.265614163755933,53.836721706713654,0
C_00121,L_001,24,9.70224294192402,3.359816918075456,17.88131882204438,4.126230277146866,55.52649362999925,0
C_00121,L_001,96,12.164334065262105,3.299482340897344,19.164908233868214,4.219297939809642,61.11533672897325,0
C_00121,L_001,168,14.944104186926374,3.311245383163913,20.046261001176582,4.186996638814164,61.85935655137711,1
C_00122,L_002,0,8.14321539366355,3.290011276460289,17.877880578180722,4.199203933163737,54.49292682064151,0
C_00122,L_002,24,8.797266866777473,3.335899453120044,17.791028823512047,4.2215507864019655,56.7845364165098,0
C_00122,L_002,96,10.391794092349588,3.3391444882800814,18.228896794358146,4.137634847019042,64.9981736991927,0
C_00122,L_002,168,12.201052609359502,3.2944600957500474,18.448035662753025,4.187395378353922,73.54479475773635,1
C_00123,L_003,0,7.296963806013562,3.3321710565661373,17.140606692414174,4.148820128163444,52.89222793510442,0
C_00123,L_003,24,7.420951276262076,3.2908570803588444,18.62961137176324,4.383173933163668,54.90441844866325,0
C_00123,L_003,96,7.735241095618864,3.3098307444246204,17.61210794010898,4.814288414142265,60.16575610671089,0
C_00123,L_003,168,8.136074285966282,3.3296535625529704,18.09488907093964,5.2079514776415206,61.66554689476896,1
C_00124,L_004,0,8.654813216205605,3.298734297173575,18.317939630804023,4.197009243137411,55.362709862182555,0
C_00124,L_004,24,8.654569887792212,3.3016888871020202,18.051720260211457,4.20861963183426,54.774608914875756,0
C_00124,L_004,96,8.498952447166657,3.3043925114041213,,4.1391869686939415,60.818671425330834,0
C_00124,L_004,168,8.603486834529683,3.2907322403881722,17.59283662355351,4.208217971371982,63.21557601693606,0
C_00125,L_005,0,9.464530707469402,3.3431854571657023,17.79194713251542,4.198974437586093,53.59646799702541,0
C_00125,L_005,24,9.596215131193064,3.294121233834639,19.106209622581453,4.257825693981828,55.65951761352966,0
C_00125,L_005,96,10.084771545477096,3.2792119306833403,17.200634562519202,4.2493518652780145,58.54790319007784,0
C_00125,L_005,168,10.358494569734987,3.2882533687695106,17.924950919699107,4.244990622146325,64.39211141597227,0
C_00126,L_006,0,8.719544761089239,3.326975240980903,17.461085269934628,4.225550375267039,53.0571138158582,0
C_00126,L_006,24,8.92476539642805,3.321799387492975,17.687490641133593,4.137464481136259,56.54070717701758,0
C_00126,L_006,96,9.22185607490875,3.2864499024118508,17.687680504264062,4.135717414894444,58.931205140609116,0
C_00126,L_006,168,9.482516061918105,3.3192473995318688,18.435476424050762,4.238068334461736,65.10317706546113,0
C_00127,L_007,0,8.743223137169029,3.313897800782486,17.791289801391855,4.218619870966651,54.48692276248945,0
C_00127,L_007,24,8.633592006610739,3.2834732726048212,18.22548844468011,4.244781962332583,54.92981444142956,0
C_00127,L_007,96,8.661218383463261,3.3002700521214003,17.974601506400802,4.185503489014329,60.03315082447456,0
C_00127,L_007,168,9.191973039863944,3.2972865841828707,17.646391678777753,4.194348096125539,62.460619884276355,0
C_00128,L_008,0,9.178905660684293,3.3143340617543235,17.71039749377221,4.189615438746169,55.672395013878706,0
C_00128,L_008,24,9.518263158391258,3.27545225385123,17.61501309619114,4.206490943255393,57.30662252772724,0
C_00128,L_008,96,9.422992545674724,3.3069583234892623,17.380780500792085,4.183198188830407,61.64278742103198,0
C_00128,L_008,168,10.099003872553817,3.2866551015085195,18.003243177169367,4.193589777334776,62.56268589832291,0
C_00129,L_009,0,7.598051206406174,3.261481637593398,18.134513168662867,4.227039154232277,55.903446600578654,0
C_00129,L_009,24,7.5605148827070146,3.297093333867241,18.82896779635572,4.27912269862336,54.90541466072965,0
C_00129,L_009,96,8.345522161361677,3.2771193569711667,18.441302982447343,4.247391347805978,57.57420089943233,0
C_00129,L_009,168,8.323155105518087,3.2973116563933482,18.249448502084576,4.224226892095225,61.80517172778983,0
C_00130,L_010,0,9.519729201709465,3.314509899121465,18.3293160274444,4.173416533109656,54.79855111668843,0
C_00130,L_010,24,9.334928535806979,3.284479465357985,18.35378967089381,4.241182219154619,54.888541805178974,0
C_00130,L_010,96,10.038726590480724,3.334211734844128,18.10952951238024,4.175695757709708,59.38527222398969,0
C_00130,L_010,168,10.114220689407103,3.3031541299107743,17.847177738477043,4.179408386948112,64.89045197932265,0
C_00131,L_011,0,8.022668019998724,3.272848160434688,17.434177886258382,4.220405548624538,54.059918735324054,0
C_00131,L_011,24,7.5921570137676895,3.3143060605046815,17.17040366214358,4.175042395315187,57.9780333176179,0
C_00131,L_011,96,7.565158052743128,3.302924505850597,16.990727570275304,4.155683589927931,58.28308969646349,0
C_00131,L_011,168,8.08237028547839,3.3099102125551765,18.137511086356117,4.250751949837418,62.3553674471839,0
C_00132,L_012,0,9.096292655045875,3.3127878425479795,18.06374551382596,4.184112227603317,54.997697919989136,0
C_00132,L_012,24,9.044267529317318,3.3105404207477456,17.95769317166168,4.175615907117387,55.74392610164942,0
C_00132,L_012,96,9.422834554369317,3.32447103353093,18.035377951289306,4.174059427788499,58.77673478823906,0
C_00132,L_012,168,9.98910382396074,3.264837484324694,18.45955003014861,4.193516120417355,63.97025729952242,0
C_00133,L_013,0,8.247377349209783,3.2700220718463693,18.244744651850482,4.180600411029531,56.371107067348134,0
C_00133,L_013,24,8.343852249106792,3.2441241125525333,18.160814237470053,4.279926768833267,58.4083659086925,0
C_00133,L_013,96,8.974475057680287,3.2745059953654634,18.41046857818955,4.1796916469819605,61.462532917683035,0
C_00133,L_013,168,8.716621335168647,3.283888605877932,17.695688986186372,4.250942211205705,63.26914727930031,0
C_00134,L_014,0,9.049408287057808,3.2813470879264317,18.39135409051252,4.247127394112687,53.37949429833354,0
C_00134,L_014,24,9.088912262225731,3.231511671942763,17.204867145841476,4.259007936266146,57.4105198460942,0
C_00134,L_014,96,9.44776644408919,3.341066507335906,18.569321975469748,4.20954937744822,59.08992264424478,0
C_00134,L_014,168,9.917163774726662,3.3056790699596865,18.720021276593823,4.2318986969694885,62.64791629072323,0
C_00135,L_015,0,9.204095463772726,3.2926357811334594,16.867757161902254,4.114873218320568,53.5963887987707,0
C_00135,L_015,24,9.315071944016772,3.3028449891335074,18.08296501822905,4.280180596450325,54.921116009034726,0
C_00135,L_015,96,9.668208078345172,3.307610888070345,17.668677097557747,4.209704498374747,58.04852103359679,0
C_00135,L_015,168,10.38062352043588,3.282959636186739,18.914130074150325,4.213701027043301,61.08006079909879,0
C_00136,L_016,0,9.189512215799466,3.302978098234157,18.143099412486322,4.168629659643393,54.96310740128737,0
C_00136,L_016,24,9.29437362645947,3.357491601740371,17.95962115353977,4.2639521432107195,55.992803843825286,0
C_00136,L_016,96,9.779524977537,3.266965898208868,17.79881733365946,4.216992815402999,59.33668177445934,0
C_00136,L_016,168,10.10147188175341,3.334593009029825,18.288328099591315,4.280096053578587,64.90320459715184,0
C_00137,L_017,0,8.410707317730882,3.269748678757774,19.048961102201133,4.232777902904716,54.417524556503054,0
C_00137,L_017,24,8.957811483699993,3.3171923046279446,18.884757362119014,4.140229543833261,55.741912262800774,0
C_00137,L_017,96,9.202684400281962,3.250657933089785,18.477147242150863,4.1977555663392945,59.252996441451465,0
C_00137,L_017,168,10.263648048699906,3.29116890770431,17.81048115780428,4.2197465667889595,63.88755744598387,0
C_00138,L_018,0,9.486367215731834,3.3094659830959507,17.07987228164783,4.150984328021236,54.24284608344144,0
C_00138,L_018,24,9.458900292860871,3.2809451017240687,17.92331565424426,4.202672324054924,57.944340179449796,0
C_00138,L_018,96,9.413505955286993,3.2789762715332382,18.122830089688524,4.204578045351611,60.454308603764765,0
C_00138,L_018,168,9.708122199291738,3.308928216906783,18.49121262871986,4.234472741885972,63.686231019164055,0
C_00139,L_019,0,8.704418471193952,3.33149264632201,17.946437172029945,4.164407840426064,53.998178616674195,0
C_00139,L_019,24,8.854796395442953,3.2906621500704785,18.218386477378413,4.223056607572818,55.552160636338684,0
C_00139,L_019,96,9.378679419241513,3.324896468109309,17.57959242113342,4.172430050708378,60.63820838791415,0
C_00139,L_019,168,9.345022522231233,3.271541831825976,17.801238692622153,4.196019482655238,62.90907422824821,0
C_00140,L_020,0,8.200569429592019,3.3617952269013864,18.076728683708843,4.1883973690425105,56.414141020382,0
C_00140,L_020,24,8.298538303288243,3.3108813489292763,18.93452009663656,4.168330038543755,56.14781660204299,0
C_00140,L_020,96,8.552754349742699,3.2607225564357343,18.34681445194264,4.259276371003585,60.60228384124185,0
C_00140,L_020,168,8.776740640955353,3.256866143449807,17.43353709314205,4.25692118310469,61.97138831546708,0
C_00141,L_001,0,7.929474208137212,3.2882294585556116,18.332696711553705,4.153530665642626,55.275352437350115,0
C_00141,L_001,24,8.111938985594579,3.324235244768705,18.55717213567043,4.175540388328392,55.05641888763895,0
C_00141,L_001,96,8.125147397822069,3.34565523367267,17.48980303856112,4.261710581003098,60.69628093173215,0
C_00141,L_001,168,8.81076579614873,3.314783018221312,17.5427925617663,4.194110460818299,62.21221667181753,0
C_00142,L_002,0,8.919865334230044,3.3189588258161016,18.059309292154868,4.1482598056264655,54.915141289930645,0
C_00142,L_002,24,9.098614294658724,3.330387060412442,18.727192090872922,4.233324033973715,55.16728831328893,0
C_00142,L_002,96,9.62447678807269,3.2833312287448284,17.931046067883802,4.17560619971785,59.916177484672204,0
C_00142,L_002,168,9.98312669439478,3.304637832664618,18.309443618029057,4.236844473235697,61.50150886715075,0
C_00143,L_003,0,8.624171441066736,3.281846389932841,18.16636766653761,4.22673670741144,54.948780284527025,0
C_00143,L_003,24,8.68081493782475,3.284409937259266,17.76307198656775,4.157145682938771,55.339239429170505,0
C_00143,L_003,96,9.22821100169364,3.3134358463556834,18.887488178374717,4.201001600708693,61.090358481628435,0
C_00143,L_003,168,9.360334885716648,3.3063798337939003,17.820999938726906,4.229893022402412,66.63811489813276,0
C_00144,L_004,0,9.022977320754393,3.3067621346527547,17.590951037468827,4.2167399629820155,57.13206381654115,0
C_00144,L_004,24,8.974114618487196,3.280588139796291,19.202293520890507,4.191603767135696,55.98202447788591,0
C_00144,L_004,96,9.268919867758656,3.2987108040130946,18.24600016467742,4.230763289440442,57.823046066491045,0
C_00144,L_004,168,9.589526836058408,3.3085110110875386,17.60577324115024,4.19021428067944,63.81193746213183,0
C_00145,L_005,0,7.891553824026018,3.324416634249453,18.017690879710933,4.231072307954606,56.27705138662961,0
C_00145,L_005,24,7.979246980971264,3.3044279957501255,18.282199320067125,4.217343789104802,54.029309857286094,0
C_00145,L_005,96,7.723106597772562,3.2821986458454258,18.25421277657281,4.236175085178445,58.386962385984305,0
C_00145,L_005,168,7.985018400818516,3.2819191078514787,17.83921272287993,4.160517966765894,61.358469267141764,0
C_00146,L_006,0,7.217056782546279,3.2971049122507057,18.47634876726382,4.14792881050346,55.10350460347001,0
C_00146,L_006,24,7.6787512299897855,3.2895432902409047,17.741848639113712,4.248682689715117,55.8951222327645,0
C_00146,L_006,96,7.887297885089867,3.3107241347781797,17.845719906190574,4.22775904979533,59.20398607666271,0
C_00146,L_006,168,8.06644145097153,3.286291361553374,18.018542730051728,4.212539372815814,63.38453941661525,0
C_00147,L_007,0,9.016842878138524,3.2670768731591764,18.543718271466226,4.28936372323191,56.220372457885425,0
C_00147,L_007,24,9.260324493565028,3.3021342845400645,17.25232278611767,4.128378039096156,57.345057906316434,0
C_00147,L_007,96,9.108601659022112,3.277135593041816,17.971763992214097,4.233194840085881,59.87752702406988,0
C_00147,L_007,168,9.346050481712284,3.337746767078008,17.51612022890038,4.249790447486598,61.256690943885424,0
C_00148,L_008,0,8.249119184973008,3.3227289900553467,17.48178290996642,4.244546388269652,56.316793008643444,0
C_00148,L_008,24,8.277512214810086,3.3064561546749305,18.21830515149131,4.215621124185265,55.11962540529536,0
C_00148,L_008,96,8.33313725306849,3.321808716999044,18.08362555988351,4.254546502209742,58.558856597198904,0
C_00148,L_008,168,8.668502492634378,3.3241532420251025,17.833333225652503,4.22868013829684,62.946320478974556,0
C_00149,L_009,0,7.956041044325226,3.3026862175674325,17.50851795281087,4.213220781143504,53.948122210980166,0
C_00149,L_009,24,8.077424561675402,3.309878570475793,16.76275407628265,4.200585689123463,58.07714971581814,0
C_00149,L_009,96,8.465166233774202,3.327036261740713,17.853190343269276,4.201472329087686,59.19577782831712,0
C_00149,L_009,168,8.714256996898156,3.271700338998076,18.432492068754097,4.130601974124801,62.54736855025311,0
C_00150,L_010,0,8.086927933058353,3.2860707368236723,18.587031163701997,4.170379367179955,57.092346240749876,0
C_00150,L_010,24,7.786655475876734,3.3268314457947286,17.817239859538056,4.161002687505206,57.35377690733795,0
C_00150,L_010,96,8.32919770711412,3.287631289236857,18.249279077697896,4.185251673224866,59.31085623573699,0
C_00150,L_010,168,8.606898100552677,3.2984769236323013,17.80137795943532,4.221061631830611,63.74444687271763,0
C_00151,L_011,0,9.06085581109044,3.377212804871507,18.23218131454553,4.219385740452468,56.12730450615782,0
C_00151,L_011,24,9.669177968069635,3.288902459089531,18.129366687131306,4.2280474162316395,56.98767523204313,0
C_00151,L_011,96,12.772514732356688,3.3271863655037115,19.81698926098829,4.20210258844978,59.36241909676313,0
C_00151,L_011,168,15.848826639204683,3.3193472795227463,19.77718443176708,4.202473842443669,62.19600588374613,1
C_00152,L_012,0,8.681963903623318,3.3146311882839714,18.02886156107017,4.173045932472777,56.092121793927724,0
C_00152,L_012,24,9.264737450462329,3.299133018749535,17.15149219300044,4.18624352374568,57.257911302179075,0
C_00152,L_012,96,11.10204707869021,3.29382940511221,18.219596116862064,4.165413141089484,65.35316106942126,0
C_00152,L_012,168,12.98139775524876,3.3191028601375447,18.759398867768986,4.246285129563789,71.04634934325856,1
C_00153,L_013,0,7.534181769138054,3.3134826138235716,17.58732797409266,4.20259772350203,55.30796125729783,0
C_00153,L_013,24,7.733889647806395,3.27985704583468,17.844679409740696,4.236847292797067,56.6472445385885,0
C_00153,L_013,96,7.740034719836729,3.274510387295814,18.074525467604694,4.777762182718189,58.825674210335244,0
C_00153,L_013,168,8.122381359405617,3.2767918967302743,18.218560031635732,5.1637259500908534,60.28894334690687,1
C_00154,L_014,0,8.5884500869489,3.2936208956244633,17.30867745868009,4.140911681461559,55.363722261940396,0
C_00154,L_014,24,8.657603939302902,3.284793801320022,18.28134536876076,4.19097402037439,55.442192815946484,0
C_00154,L_014,96,8.888306209988116,3.3056464959079137,,4.2837065938511545,58.413413301693154,0
C_00154,L_014,168,9.204406607955377,3.3106530986704854,17.989459668359633,4.194975274160454,62.197308791995894,0
C_00155,L_015,0,7.164730773956749,3.280108028958235,17.528808725655097,4.223351461811718,53.71155710473864,0
C_00155,L_015,24,7.387252928349509,3.293494284235922,17.16379080204936,4.18236925913555,56.8641673477543,0
C_00155,L_015,96,7.921733692349721,3.282173822957717,18.473334687237383,4.147943751710891,60.05020685227139,0
C_00155,L_015,168,8.124277679779114,3.341778030714081,18.222044394682662,4.2133863045386395,61.502846641027446,0
C_00156,L_016,0,6.973920096911643,3.272354120446197,18.02948966137352,4.204605254700312,55.15529144427504,0
C_00156,L_016,24,7.090481311019421,3.3307098592083593,18.003597313296964,4.197529457350564,57.27615618510547,0
C_00156,L_016,96,6.972338109597721,3.370361186331654,18.168865865175032,4.223804598684936,60.84860319492519,0
C_00156,L_016,168,7.56890660149292,3.319812685291815,17.277724809448234,4.2711388153907,63.63011516876712,0
C_00157,L_017,0,8.44608875765079,3.283715642748311,18.045076337097065,4.188636039785568,53.46489523338968,0
C_00157,L_017,24,8.811975284816272,3.3011628292553685,18.028789970115984,4.187205138488877,58.45287250494017,0
C_00157,L_017,96,8.707350963334791,3.2894665681338573,18.440366788649236,4.187039464758763,60.89863612123191,0
C_00157,L_017,168,8.793308708527555,3.317604758628079,18.87339012263184,4.243849014911992,62.954693958661764,0
C_00158,L_018,0,9.458490630896625,3.294305861360466,18.347495164808628,4.204072824524133,55.28358913843384,0
C_00158,L_018,24,9.474507327851185,3.2654709017127304,18.221153665472816,4.284698638569124,54.44768791573568,0
C_00158,L_018,96,9.61879467969629,3.3355268984517443,18.42138018765659,4.146759430750278,61.20637846422883,0
C_00158,L_018,168,10.406125498306425,3.3137608377733696,17.410907226425408,4.239429686231848,62.636158059947405,0
C_00159,L_019,0,7.1270605415464265,3.287526561250951,18.40020581419756,4.238990072603463,56.36554812328006,0
C_00159,L_019,24,7.360266897330556,3.3270343698484286,18.32980885084689,4.212764003107516,57.71490477429749,0
C_00159,L_019,96,7.397585543172525,3.2696907926735066,17.570109821031085,4.197290849294021,59.678839371145145,0
C_00159,L_019,168,7.937045592650676,3.298955069303112,18.45156433089495,4.258172626257284,63.289742591522916,0
C_00160,L_020,0,8.710971702551971,3.315896083456648,17.46428231039024,4.206460986086154,54.70776634993017,0
C_00160,L_020,24,8.562196712593472,3.3111928757523765,18.245645476982617,4.1606779411762735,58.1205917370458,0
C_00160,L_020,96,8.709421143027743,3.2843593973399647,18.484075335372385,4.222841680183763,60.18427811048478,0
C_00160,L_020,168,9.406167625800208,3.2984976938061217,18.005660326058326,4.241272741068805,62.63462663070417,0
C_00161,L_001,0,7.555433974110562,3.2769886060937674,18.705692901178725,4.2153889325834095,54.625278166472015,0
C_00161,L_001,24,7.658933990489394,3.297195902497235,18.702533939929417,4.194672531750683,54.554551181175476,0
C_00161,L_001,96,8.28561090669997,3.3117812614461473,17.398925770812944,4.246072345441419,61.13982803551339,0
C_00161,L_001,168,8.663685599413078,3.279645750450347,18.07967220637946,4.229080118157505,62.59808155527167,0
C_00162,L_002,0,8.140345922849463,3.340137084569849,18.472028789862648,4.169565410198073,54.68032350976899,0
C_00162,L_002,24,8.235942209226284,3.2703828839084417,18.46521424862954,4.133978872116961,56.82499030957068,0
C_00162,L_002,96,8.661477560836131,3.2947113349229866,18.18438804883048,4.231819381051199,60.683655667720416,0
C_00162,L_002,168,9.173501360701085,3.3028342634506305,17.43477534320938,4.20820502065681,62.00838818780531,0
C_00163,L_003,0,9.132633483020943,3.312265172561397,18.382887406736636,4.229028319332749,55.86081814913041,0
C_00163,L_003,24,9.587129233118446,3.2981896915292364,17.72623462684319,4.126225436402797,57.08480228928265,0
C_00163,L_003,96,10.07977109459922,3.3139393960706203,17.398105338018198,4.234372096144032,59.97899869148459,0
C_00163,L_003,168,10.584942310169783,3.2984583670198364,18.139051060238565,4.296293480988413,65.46545411354494,0
C_00164,L_004,0,7.579985717057977,3.298760242302951,18.606295458726102,4.27203962402755,54.040411093242824,0
C_00164,L_004,24,7.709042129787853,3.362318471665963,17.807600483401718,4.179297420568468,56.68062771640919,0
C_00164,L_004,96,8.323273501762142,3.324206139809282,19.0880124912524,4.152990494482704,57.441496917934096,0
C_00164,L_004,168,8.379749251969997,3.3201525054200034,17.258500286502986,4.2737232729066115,64.74980496897493,0
C_00165,L_005,0,8.822772571744677,3.2855139978604573,17.791449923868573,4.125890885532389,55.77413522519335,0
C_00165,L_005,24,9.28118069412249,3.282466396255904,18.15669135717517,4.191521238157688,57.17696733590119,0
C_00165,L_005,96,9.272126293063685,3.277914371097809,18.473433698710686,4.206016605166449,59.96535732592581,0
C_00165,L_005,168,9.711822343056658,3.2768480489912375,18.552123394396173,4.240232006565841,65.42653074102417,0
C_00166,L_006,0,8.910905408970144,3.295713754212805,17.41916405838797,4.18945639399367,54.21664444738504,0
C_00166,L_006,24,9.126284001113197,3.266348466803875,17.29987226475078,4.268733899492788,57.746512492309336,0
C_00166,L_006,96,9.41628571893244,3.293150205877575,17.3352115105572,4.265495234551894,59.463045759122416,0
C_00166,L_006,168,10.22820824448007,3.301291292861183,18.643289388555797,4.225267779961723,62.52833647489676,0
C_00167,L_007,0,9.099891069901242,3.29417873209711,18.861945611207787,4.163722520596164,55.747949279502365,0
C_00167,L_007,24,9.174384007438544,3.3100610188335877,17.806737309347476,4.214732709366441,56.148026313668936,0
C_00167,L_007,96,9.290278154440823,3.300238807156421,17.50474560013643,4.139195998073473,59.36881746918501,0
C_00167,L_007,168,10.066173666821639,3.3131674510526143,18.255226818158864,4.137696439162376,63.16424798482726,0
C_00168,L_008,0,7.612239536069375,3.282826559458354,18.035852732670403,4.174669831909056,53.74334948790756,0
C_00168,L_008,24,7.676158655347737,3.288792755658894,17.52742254614368,4.212853825042558,56.81670652840072,0
C_00168,L_008,96,8.17623939311036,3.3656621227259222,18.607576523067905,4.237305344047195,58.11616601257746,0
C_00168,L_008,168,8.198070823965848,3.2669428401024954,18.57725678524622,4.183409756795009,62.89727124271062,0
C_00169,L_009,0,7.759705159065873,3.298738148180464,17.598811745397583,4.170359256808845,53.725544489384134,0
C_00169,L_009,24,8.165026742074135,3.294196857737616,17.919642614447767,4.226020693035212,55.20542791148074,0
C_00169,L_009,96,8.292351342157925,3.311761258889254,18.300689029600935,4.202688488591085,59.40098104154904,0
C_00169,L_009,168,8.473149896024506,3.278482923920887,18.346116375885064,4.232797682501785,63.09672933074462,0
C_00170,L_010,0,8.929063047239701,3.3233777190255696,18.410052602335792,4.195968883362161,55.055443930977944,0
C_00170,L_010,24,8.960366576211776,3.3158094048141447,18.126939550875697,4.212023125442224,57.807248418747754,0
C_00170,L_010,96,9.392091044227094,3.371132359872691,17.831342216344463,4.211411217188427,58.68852618312818,0
C_00170,L_010,168,9.524608550868944,3.338611236952967,17.69716304202264,4.196036781065345,62.46455368278328,0
C_00171,L_011,0,7.502479869246237,3.3699924305459326,17.834994542857267,4.13332968268039,52.949920128455986,0
C_00171,L_011,24,7.324182361319361,3.3324836732638383,17.873086928494526,4.176870229579547,57.22285674017282,0
C_00171,L_011,96,7.790250162511404,3.2943144842311085,17.77647388374283,4.200618164452274,59.35787950453375,0
C_00171,L_011,168,7.924137525571907,3.255331835153877,17.80014534553552,4.24537540835323,61.47377377859894,0
C_00172,L_012,0,8.937688110630296,3.3231174799192447,18.200763451911453,4.2371018310925415,54.92194519273743,0
C_00172,L_012,24,8.77336319772388,3.2664025272077164,18.18916295662918,4.223986426376115,57.04336540814144,0
C_00172,L_012,96,9.059927296838415,3.2773392235180707,18.206955119838497,4.205724749017306,60.879994960794846,0
C_00172,L_012,168,9.671983092042575,3.253689427125276,17.57463455165698,4.269067254914404,60.73708606731465,0
C_00173,L_013,0,9.815087366619148,3.344530673189539,17.778208973479018,4.180924639078669,54.60473015510477,0
C_00173,L_013,24,9.809952461193884,3.3180550427241613,17.33528566569941,4.195293547379165,58.00132781301258,0
C_00173,L_013,96,9.897434016765711,3.3209800338788065,17.97754257401098,4.19580719894931,57.57991236543688,0
C_00173,L_013,168,10.257691592808879,3.307527829177517,18.442312292907793,4.109994132636127,62.1015004512229,0
C_00174,L_014,0,8.035374901670844,3.3066885071531638,17.862809461652965,4.178925872160513,54.88136426084526,0
C_00174,L_014,24,8.270161392462112,3.281699801677357,17.97173697458522,4.2094765457027945,55.848255355174544,0
C_00174,L_014,96,8.311194057445439,3.3239701664002737,18.55439073146926,4.206021257971803,61.44384968727792,0
C_00174,L_014,168,8.607881657393254,3.293604421643935,18.384407937259574,4.22424039909022,62.747137225107885,0
C_00175,L_015,0,9.110523224878765,3.2955543568677825,17.65135260198974,4.257243966623572,53.83901190714972,0
C_00175,L_015,24,8.894198152181119,3.2965488231179614,17.85659710924044,4.195359402242966,56.48102740127741,0
C_00175,L_015,96,8.970585745629718,3.3074008269260653,18.83270845522969,4.212011391171638,57.912142767070215,0
C_00175,L_015,168,9.165777713603863,3.3684876033277074,18.38986480574327,4.1825644422476564,60.198987549347635,0
C_00176,L_016,0,8.926068074719256,3.3022881609809716,17.15753002390497,4.154033628378455,53.37543097654377,0
C_00176,L_016,24,8.996489517556984,3.309870281778652,17.453399252711147,4.2307074070849895,56.15525981867597,0
C_00176,L_016,96,9.609211250984586,3.257106042890542,17.508350578327466,4.2252662606927025,58.15091765495634,0
C_00176,L_016,168,9.613785210537543,3.3140714480045594,18.007891605752878,4.1739440618353925,64.99707990179716,0
C_00177,L_017,0,8.319217961709988,3.271920550447801,18.143799303025514,4.147927089911156,53.465548038667755,0
C_00177,L_017,24,8.217925123314762,3.3351653883412657,18.145673503010578,4.251574172862623,56.49851676699725,0
C_00177,L_017,96,8.492948275459025,3.2754728210470927,17.81387764076501,4.198087259661644,58.66465251171834,0
C_00177,L_017,168,8.441006448109828,3.2646620669086834,16.947113347931673,4.172746141459862,62.128970135175436,0
C_00178,L_018,0,9.366607470492216,3.2840875987537936,18.144470704124178,4.22569268586002,53.358252584496036,0
C_00178,L_018,24,8.820931260817492,3.2942235080025126,17.271797728716724,4.29999557149927,56.93788849859468,0
C_00178,L_018,96,9.058442866900323,3.2739849786289623,17.326502785474705,4.262675184961691,57.65757825460985,0
C_00178,L_018,168,9.313525548790572,3.2669894213288897,16.99338352557329,4.205235651259116,65.90693748130019,0
C_00179,L_019,0,8.469675369493777,3.3080770814484475,17.85774380761418,4.155935126817029,55.265650304771476,0
C_00179,L_019,24,8.479699453700343,3.322208938120866,18.355533997262505,4.145272374380973,56.94185686022521,0
C_00179,L_019,96,8.578157967283616,3.2735933647927333,18.339863299189247,4.2226238156109455,57.85036192247944,0
C_00179,L_019,168,9.022231243443315,3.305216239546834,18.539878401154876,4.233789093589402,64.31902079254237,0
C_00180,L_020,0,8.627889365521177,3.2790544185305586,18.316361456570434,4.249482021673699,55.13821705978335,0
C_00180,L_020,24,9.073704679349834,3.2507496242007106,17.97504598133644,4.20053906065868,56.08215226113703,0
C_00180,L_020,96,9.734202431895383,3.298345184182781,17.816521152778005,4.209609913108769,58.69903532453975,0
C_00180,L_020,168,9.635158796485744,3.324580999236135,17.716974590280252,4.181844993487989,60.596623513769,0
C_00181,L_001,0,9.18474682543312,3.2940132233720916,17.638132517291268,4.160209075238854,55.62038856659337,0
C_00181,L_001,24,10.102011223384535,3.2741319752328812,17.65347555379844,4.210918963933014,54.889557356887025,0
C_00181,L_001,96,13.359182926260342,3.283291540791132,19.5618166939019,4.2210799317424215,59.852943268500695,0
C_00181,L_001,168,16.02679948885556,3.3193807296712676,20.647334992838893,4.204774411798088,62.695394926649364,1
C_00182,L_002,0,8.002767569709523,3.271900705939264,18.197965785009448,4.24786511475948,54.03289866565877,0
C_00182,L_002,24,8.718729321040009,3.274147221511757,17.86278502307738,4.174529673975746,56.4817536526336,0
C_00182,L_002,96,10.204470807096826,3.325291510342666,17.88942565185201,4.182587280187636,66.00798906404201,0
C_00182,L_002,168,12.031172306024025,3.3223804600556543,18.122994565441594,4.304553266656577,71.49603368518581,1
C_00183,L_003,0,9.465396626236657,3.2790495204893575,18.52482973793962,4.214464020873743,54.618367079431515,0
C_00183,L_003,24,9.605533602705496,3.3430707470842265,18.076929908484377,4.340478385165145,56.45060783588738,0
C_00183,L_003,96,9.959133194717527,3.2919755039904066,18.00233390189656,4.787815236637552,61.38189211941566,0
C_00183,L_003,168,9.843878324002452,3.2614378848049608,17.600674490098896,5.176410462279546,63.43417553352598,1
C_00184,L_004,0,7.979674219121081,3.2693924147489435,17.792261008685575,4.2234903064697935,54.79728501241031,0
C_00184,L_004,24,7.9294011653201935,3.3040415596594888,18.98948153406705,4.201438939972632,56.85680009266931,0
C_00184,L_004,96,8.375051016833135,3.3023044276881706,,4.207317240544369,58.73960423605764,0
C_00184,L_004,168,8.57955855392716,3.2962666190732124,17.925629413489904,4.1923524290056,61.26786384367579,0
C_00185,L_005,0,8.268232377405804,3.3099775801324562,17.756279864354735,4.22288382894394,56.06729614782943,0
C_00185,L_005,24,8.543392934648544,3.317836511561112,18.264931030296516,4.198206160796547,56.59373349999198,0
C_00185,L_005,96,8.883343634186497,3.2836981357649297,17.71721649958641,4.215828684489444,59.865355643881934,0
C_00185,L_005,168,8.847939010186744,3.298130935914667,17.957700551597046,4.126388795375861,63.49833562831854,0
C_00186,L_006,0,8.526148776942778,3.269605042537278,17.628919842957924,4.095512168067227,54.80764846861238,0
C_00186,L_006,24,8.294118896240814,3.2872505705916435,18.498454802767693,4.236567558036336,55.565757143448174,0
C_00186,L_006,96,8.58077597174019,3.3256547417026714,17.991108963073867,4.175840627014691,59.66485664054933,0
C_00186,L_006,168,8.850201297870015,3.318866090429315,19.02444241029439,4.217464413847579,60.94050158701854,0
C_00187,L_007,0,7.58662024998662,3.313758627535122,18.36797022281831,4.2174511781293145,55.66234587556672,0
C_00187,L_007,24,8.06332642033621,3.3042734592782073,17.649844271162735,4.276159350037858,55.879263136530874,0
C_00187,L_007,96,8.273430406624751,3.239534642932607,18.57441189725142,4.267321978357613,59.14941331589595,0
C_00187,L_007,168,8.406531668642552,3.3139628795401888,17.710747393661673,4.2368848922175735,63.03580054455197,0
C_00188,L_008,0,8.064397055415247,3.282340612447105,17.66989064542453,4.174176135901694,56.35233177185476,0
C_00188,L_008,24,7.784419081750902,3.3089178159758985,18.336081064785432,4.198613039131134,57.02202462261573,0
C_00188,L_008,96,8.136013525411293,3.294653609975152,17.560239195990665,4.249258522476238,60.783505007666484,0
C_00188,L_008,168,8.480121296730848,3.2982170983218513,17.52624762159975,4.190635874247067,62.08017546362536,0
C_00189,L_009,0,9.49296965905128,3.296347149210136,19.554320881009883,4.211404953653691,53.78901959035979,0
C_00189,L_009,24,9.814484703411598,3.2539740958176786,18.042444070371495,4.2819199969301005,55.68610732637751,0
C_00189,L_009,96,9.60949282281748,3.2901020508897347,18.654533118431566,4.22361421242426,59.431989430196865,0
C_00189,L_009,168,10.160750638206125,3.2860074932212546,18.1625390478243,4.268527845317546,61.99337266858498,0
C_00190,L_010,0,8.982668256440599,3.313331300530344,17.394538005930197,4.190977319157256,53.40202628793102,0
C_00190,L_010,24,9.144410366163223,3.274393441641028,17.95764552094448,4.22228886864382,56.50783767828056,0
C_00190,L_010,96,9.84089043269447,3.3018414148748048,17.664212360899327,4.165735148737649,60.84525109592508,0
C_00190,L_010,168,10.187852748839541,3.3084155926656833,17.055044106423694,4.1835729188693,62.38694749400502,0
C_00191,L_011,0,9.767203098811976,3.2992764566921307,18.172950281691033,4.215980990241806,53.29958930427642,0
C_00191,L_011,24,9.327270360800476,3.353041874626648,18.451442641327986,4.235020345187205,55.70174258346492,0
C_00191,L_011,96,9.622871505475285,3.331938254793507,17.620590303894712,4.219902900497455,60.262975601490425,0
C_00191,L_011,168,9.78134905483589,3.3079572800663275,17.63590532976229,4.135433297148109,61.03273211344252,0
C_00192,L_012,0,8.847109432715131,3.3002211326674233,18.39946781555276,4.244885120793397,56.66747231029608,0
C_00192,L_012,24,9.081718892053289,3.307515370169113,18.249244344125476,4.196819799462407,55.73061428026631,0
C_00192,L_012,96,9.870357476058393,3.330238017561072,18.21483475804624,4.277335791372346,59.427326277346076,0
C_00192,L_012,168,10.460543630935629,3.3135628860883886,19.471961754996567,4.167300722928701,62.5362650853283,0
C_00193,L_013,0,8.398483340599364,3.2832906329175113,18.407213333412248,4.24649852018728,55.47668086357479,0
C_00193,L_013,24,7.984529514056436,3.3351939701313547,18.553196219091937,4.226126237934473,56.988434541521926,0
C_00193,L_013,96,8.528359893875656,3.2980316051940153,18.28835331041369,4.209816822689228,59.816645796079314,0
C_00193,L_013,168,8.629065552463556,3.2811990936586923,18.099959509147254,4.213921766542591,61.98177002957683,0
C_00194,L_014,0,8.959559485604286,3.293307229323813,17.804957856848322,4.219295449493298,54.24721488889975,0
C_00194,L_014,24,8.67521310671997,3.3245268199672955,17.21816013192205,4.246845825020183,53.93904490000706,0
C_00194,L_014,96,9.11631330396573,3.307295319185658,18.50358918818296,4.189899861049688,61.38479245105953,0
C_00194,L_014,168,9.427314438754394,3.28805994266667,17.64029859105376,4.228705887967792,64.04133062463141,0
C_00195,L_015,0,9.175691108784259,3.3098649855342632,18.829852386027422,4.215748999972576,53.474501008105115,0
C_00195,L_015,24,9.614037412257602,3.294012534110331,17.829771652186107,4.163804492915047,55.67858128207564,0
C_00195,L_015,96,9.335704757361333,3.3199464800069816,17.791314777991108,4.192157799313365,61.261567184524196,0
C_00195,L_015,168,9.980856470200541,3.2829982711492898,17.941322592486213,4.231553895432489,65.03077818734137,0
C_00196,L_016,0,8.496341046558603,3.3018694197283875,18.20298927766672,4.189543151713079,53.961162182941884,0
C_00196,L_016,24,8.61481567575704,3.2952952035737226,17.800483554212793,4.245988551797071,55.351459907449225,0
C_00196,L_016,96,8.347258920053578,3.3002561671004225,18.00012154683968,4.218955882487558,58.70459614078771,0
C_00196,L_016,168,8.656291193429754,3.24054865093123,18.146834524544204,4.216515199779584,65.51000290727458,0
C_00197,L_017,0,8.610944840296051,3.3153261052442695,17.756063641262475,4.162092546574433,54.96558605479024,0
C_00197,L_017,24,8.603486328887234,3.3025035728115015,17.326952887106085,4.206801593744914,59.77139488600402,0
C_00197,L_017,96,8.98847249422036,3.326126616644278,18.212404305770132,4.231307809554422,58.451557910601366,0
C_00197,L_017,168,9.734535709668092,3.270202967226453,18.68785236643224,4.255861754639259,60.87455419392977,0
C_00198,L_018,0,8.924367065333202,3.300725989287632,17.8875574834115,4.118455579737104,55.181907813783425,0
C_00198,L_018,24,9.071832539960827,3.287879990012444,17.747852745226606,4.2164812401975285,57.48899812403865,0
C_00198,L_018,96,8.912396954285693,3.310178245080207,18.23359634908057,4.200586155584324,58.4989209654752,0
C_00198,L_018,168,9.566233678842401,3.26338669079216,17.537746231490555,4.184972082539834,61.62251654977199,0
C_00199,L_019,0,9.562602002398114,3.308811562429718,18.152547529713672,4.1852119701916495,54.462560305868244,0
C_00199,L_019,24,8.914373592709326,3.3242185132980886,18.20173936759037,4.194976217414321,55.427211141693014,0
C_00199,L_019,96,9.731940925984379,3.2611322481730034,17.734553400800788,4.163119314055728,59.40675652922506,0
C_00199,L_019,168,10.048561161375957,3.2449326839716157,17.318807268012012,4.2097061730657,65.12581113898409,0
C_00200,L_020,0,8.360549036066168,3.3118704080715773,17.688593272845505,4.22889096588712,57.33371468518059,0
C_00200,L_020,24,8.308949356985066,3.3152750489956313,17.266951095722867,4.266023971536897,55.686337829678735,0
C_00200,L_020,96,8.75749891594223,3.2731145060845295,17.584575694187315,4.162095419707437,59.79029562909722,0
C_00200,L_020,168,8.705783782816374,3.2883897045192203,17.543668863201624,4.164336149210766,63.300357207197806,0
C_00201,L_001,0,8.594537377174229,3.2979418580451814,18.571519320267118,4.178669912692692,54.177271609170084,0
C_00201,L_001,24,8.390380929238816,3.2575594422620466,18.642752237818762,4.1967367128615605,56.436588683415536,0
C_00201,L_001,96,8.517917469605127,3.295878890460506,17.60991643803449,4.258011367881965,60.46713043498812,0
C_00201,L_001,168,8.972268301934017,3.333954603677624,18.52035358360456,4.245613701445452,63.37369121694081,0
C_00202,L_002,0,7.50074692192642,3.304266298543751,17.374269404866233,4.192450231479551,53.795334236786374,0
C_00202,L_002,24,7.428152141048221,3.25861568740032,18.237972372023076,4.21726136218422,54.34992233999461,0
C_00202,L_002,96,7.794125856491299,3.289427143604437,18.36813154197352,4.152664873333622,61.86096676344483,0
C_00202,L_002,168,7.9052626756363,3.2460437584313016,17.983277646779754,4.174189468315263,61.845032875582696,0
C_00203,L_003,0,8.454393874867415,3.335009147922033,18.00303054034573,4.169254287801541,55.509097764946226,0
C_00203,L_003,24,8.273931933255154,3.310153431367636,18.265432610841874,4.30091069861057,55.846594115864406,0
C_00203,L_003,96,8.662630099789274,3.2856060368890443,18.09545116550905,4.223839049950613,58.82522538270328,0
C_00203,L_003,168,9.101310426420593,3.28457551240613,18.44377832155082,4.236539914145643,62.93595018668579,0
C_00204,L_004,0,8.239517498937163,3.30744832942421,17.662401418391042,4.271424829944852,57.91200131047764,0
C_00204,L_004,24,8.354550062410727,3.3128148748357806,18.11596307457445,4.181477866663868,57.20704873741619,0
C_00204,L_004,96,8.816949964595116,3.3053924678471485,17.981136129940953,4.225813608275415,60.48122563210238,0
C_00204,L_004,168,9.027733747735013,3.2839746021003107,18.76219480834312,4.172983202266058,63.27526519379095,0
C_00205,L_005,0,8.546718496515531,3.2816184184559916,17.56358187153218,4.212938602038024,57.11145672333916,0
C_00205,L_005,24,8.71656601951452,3.246190854428643,18.10818960935764,4.182134262792607,54.49519635137477,0
C_00205,L_005,96,9.278178227171537,3.2673083275403765,18.358624660512696,4.180529795611917,57.785760478710344,0
C_00205,L_005,168,9.497755017708203,3.274798803228149,17.587312851505363,4.239221008208972,64.9218856534745,0
C_00206,L_006,0,8.10657131129629,3.3022823443043863,18.429582507143536,4.232364699535424,56.52668663412652,0
C_00206,L_006,24,8.282645840122058,3.2565296134369763,17.524689753300663,4.2148772262058465,55.95132194183234,0
C_00206,L_006,96,8.628076543335412,3.325981340240851,17.465704600921978,4.199124216482123,59.40596994469789,0
C_00206,L_006,168,8.767781650948036,3.335786927848185,18.408864060725918,4.22660533308355,63.22645315609346,0
C_00207,L_007,0,9.761902899938141,3.277136123830152,18.135321543817977,4.155736700248485,54.99072846267318,0
C_00207,L_007,24,9.94459112257516,3.306808335028208,17.166240983220774,4.163471116296216,56.97152592478625,0
C_00207,L_007,96,9.932652476490029,3.2326499345576876,18.55927367274071,4.214037688821582,60.24908057528436,0
C_00207,L_007,168,10.282584584565644,3.2830614996773275,17.690196547078102,4.229334106040561,62.01711040319994,0
C_00208,L_008,0,9.784956340062664,3.3197874733021204,17.434357346083793,4.2257659334860795,55.43165379868493,0
C_00208,L_008,24,9.938480094286195,3.2943133093098163,18.225543747201396,4.206866995743116,55.26196898108491,0
C_00208,L_008,96,10.451635912749357,3.3160538238074815,18.200667756752303,4.204467990723086,55.88379224644301,0
C_00208,L_008,168,11.013763930263941,3.3109418325048274,18.470021352322757,4.229503719987864,64.97059403031649,0
C_00209,L_009,0,7.978357767268658,3.2911725917145547,18.360530267526777,4.205949127036811,54.4274549175783,0
C_00209,L_009,24,7.805865421422692,3.311690370664192,18.227648279040913,4.262206932048105,57.68853642717177,0
C_00209,L_009,96,7.829341507567905,3.3212129026347124,18.69565341590039,4.218174289077112,57.52346380382744,0
C_00209,L_009,168,8.100986871631935,3.321717566880792,17.838152244599712,4.228212292487101,62.648755002694216,0
C_00210,L_010,0,9.319314085088184,3.298648120599052,18.25082845073713,4.1953730863008225,55.89112595108235,0
C_00210,L_010,24,9.303098830772907,3.332426429912279,17.486916872783095,4.184858386724737,56.37042574168401,0
C_00210,L_010,96,10.398336620868676,3.2894329253786916,17.70029288371782,4.186538751878078,59.68854048445075,0
C_00210,L_010,168,10.080178947757895,3.274931549696285,19.229079919121798,4.238635282939665,64.99067660113357,0
C_00211,L_011,0,7.878113079725555,3.345987550070564,18.174848256575647,4.178408467879482,55.08094547928143,0
C_00211,L_011,24,8.477253660613822,3.274166562600274,17.565183864762457,4.139537721362841,57.08735847337499,0
C_00211,L_011,96,11.022322819622756,3.3078309131843677,18.888840606950613,4.0828247764904395,58.49569438407944,0
C_00211,L_011,168,13.780776072978831,3.2848637628032007,21.183786105689133,4.1904582976284335,61.74730587049264,1
C_00212,L_012,0,8.981277972246792,3.298530433710481,17.65570674289616,4.206800972570183,54.94923432919288,0
C_00212,L_012,24,9.570499783801829,3.3247973584925146,18.19207821600964,4.184220347777168,57.28792901228015,0
C_00212,L_012,96,11.552103920516602,3.278310226568418,18.031723303059525,4.183730958379134,65.46030594215665,0
C_00212,L_012,168,13.101753017549619,3.291034816161534,18.255136796812675,4.187213625864845,71.86607939725587,1
C_00213,L_013,0,10.437639826683855,3.346321624373464,17.645849107437357,4.097570504573655,56.565196159192574,0
C_00213,L_013,24,10.554980131097803,3.303787924293699,18.123962674935502,4.3978364001067956,55.607506412833686,0
C_00213,L_013,96,11.078319223431635,3.276510931453681,17.507072839852782,4.84456455692098,60.02989766078357,0
C_00213,L_013,168,11.302347752410949,3.284465137661322,17.707894595262783,5.186641639158166,63.12108184217648,1
C_00214,L_014,0,7.540069881519766,3.3276789821360824,18.131884493970112,4.210612707203119,54.7659947468147,0
C_00214,L_014,24,7.670879343645129,3.3090250275907858,18.322288082870703,4.198387184082123,55.25111265379181,0
C_00214,L_014,96,7.831706295013215,3.319821177962942,,4.136067893908684,60.86637710661762,0
C_00214,L_014,168,8.098430311700438,3.314383683295189,18.18998399764685,4.2010565213618,63.322030785622225,0
C_00215,L_015,0,7.894315787636196,3.3277356047298015,17.60271051845358,4.176659064848359,55.51173689943793,0
C_00215,L_015,24,8.265210587004075,3.291049767352724,18.1293213193396,4.208334546923811,58.10656739766714,0
C_00215,L_015,96,8.286465169978422,3.298728834572268,17.83952483554831,4.218455531164646,56.276691933455716,0
C_00215,L_015,168,8.732518682317584,3.2735586300969284,18.14618324632997,4.201935066657287,64.3553787755375,0
C_00216,L_016,0,8.062428782445037,3.2902916524216836,17.998339938458223,4.168754300308689,57.69020536001318,0
C_00216,L_016,24,8.703850658258913,3.298806134537786,17.87819681009534,4.197664583773592,57.222648141411085,0
C_00216,L_016,96,8.818483311020872,3.29530002246208,18.113602191566578,4.238699911164543,59.4456845870512,0
C_00216,L_016,168,8.918597134215672,3.256287049262912,18.38987883016092,4.225012931727618,61.523687822881705,0
C_00217,L_017,0,8.834094097686776,3.3042051451777814,18.384473097305268,4.160520809768157,57.14193774745617,0
C_00217,L_017,24,9.032122486977766,3.3714368268866175,18.13550613428341,4.266397303168086,55.48726791264195,0
C_00217,L_017,96,9.234666293308624,3.275270105709233,18.476889124868205,4.1486470149055075,61.01823634565891,0
C_00217,L_017,168,9.372978361408899,3.2337444113175455,17.846772257235674,4.2411579128369175,64.9210501484125,0
C_00218,L_018,0,8.204006461770394,3.2982138649238095,18.01420455028046,4.186064625957507,53.979970998745245,0
C_00218,L_018,24,8.411450935177609,3.3078291401833084,18.03058648702363,4.139874219057414,57.615606518827775,0
C_00218,L_018,96,8.942847167118819,3.349529999967174,18.260671415354466,4.139546035565644,57.988592351026355,0
C_00218,L_018,168,9.44886775242628,3.297594662926795,18.513569686279666,4.179771283171542,59.2674143218568,0
C_00219,L_019,0,8.788453345859375,3.3006315707774596,18.24420435595215,4.1994266398195235,54.46304363415222,0
C_00219,L_019,24,8.918388013882018,3.266790119863422,18.88963891565093,4.1779575076811595,57.31165274816853,0
C_00219,L_019,96,9.398854548504438,3.3016795277413493,17.825992360880274,4.2078740726934685,58.88929807096727,0
C_00219,L_019,168,9.851329423508528,3.2410628135253168,18.846394338153534,4.209108467458617,62.952285322286194,0
C_00220,L_020,0,8.920418977675213,3.3367430941127134,17.736383876923853,4.230323199477604,54.4347996865009,0
C_00220,L_020,24,9.018621595071751,3.2938612458699827,18.577730307073185,4.1265487507816525,55.36235259964931,0
C_00220,L_020,96,8.92554958617501,3.2728124470059634,17.63477997696355,4.143992178407814,57.99263230509925,0
C_00220,L_020,168,9.089387421220875,3.2745502819058077,18.54018917995959,4.231143522811244,62.119022704062395,0
C_00221,L_001,0,8.276179276924598,3.2989197543275997,18.390679550877,4.236094696685413,53.15669804914633,0
C_00221,L_001,24,8.416222691682446,3.3006137458100997,17.855395861483238,4.1940952666030675,56.89959197783715,0
C_00221,L_001,96,8.435089554635745,3.2941330796019432,18.54528700823827,4.149935768770088,62.01598204778035,0
C_00221,L_001,168,8.860289337815939,3.29441775694865,17.281819278177203,4.238811442413521,62.227503089680496,0
C_00222,L_002,0,8.846973040100915,3.2775139940107727,17.850331502652818,4.2861387170868355,53.9555515908507,0
C_00222,L_002,24,8.74158179286837,3.304508383516598,17.391691833271512,4.154182441442257,56.25769159597265,0
C_00222,L_002,96,9.247167311511415,3.3234242248897297,18.260279189107578,4.229491241701322,58.32208080829002,0
C_00222,L_002,168,9.6015128652888,3.3068000276720797,17.717256006575216,4.203865342387956,61.68129052129135,0
C_00223,L_003,0,8.975642206854488,3.295703530025325,18.53070201437364,4.222374802692294,55.27127150692243,0
C_00223,L_003,24,8.582711957454132,3.279160102923252,17.615324287380247,4.198531267298585,54.38216675067303,0
C_00223,L_003,96,9.283461751580221,3.3077043772181267,17.799444199776055,4.125281778826234,60.30900142912676,0
C_00223,L_003,168,9.338608485290273,3.3045732188384735,18.9478081339665,4.264623861847722,63.084707490500804,0
C_00224,L_004,0,8.92747061352786,3.280614821899741,18.225209036243303,4.2142763539686285,54.38440630096391,0
C_00224,L_004,24,9.232882802463335,3.3025577583452215,17.221917983965987,4.200089142809059,54.836887791191515,0
C_00224,L_004,96,9.411297876037597,3.2915630899218344,18.372572220351245,4.2160571080422375,59.90887631853605,0
C_00224,L_004,168,9.200204687905444,3.3280639967537335,18.538192880271797,4.227916369216189,61.421934469154905,0
C_00225,L_005,0,9.292958636853959,3.3432857187758085,18.241335644493724,4.184566449015535,55.820354475375666,0
C_00225,L_005,24,9.65666913694624,3.2582235228790384,18.31485297390879,4.164000024555096,55.34093313649079,0
C_00225,L_005,96,9.976916449892457,3.293389532181882,17.65939055725572,4.202122251324197,60.016158302017715,0
C_00225,L_005,168,10.780478897828857,3.3088619738748863,17.98861758049577,4.248768047627715,65.26725545522082,0
C_00226,L_006,0,8.888026794553035,3.3280775527565223,18.929260915965386,4.203203304984924,54.90707335884136,0
C_00226,L_006,24,9.405580964116998,3.2773977708462727,17.701492751250992,4.227205912734497,53.592844992973525,0
C_00226,L_006,96,9.448125277345717,3.283759859184958,18.056626224849374,4.192192806470934,59.87689352204384,0
C_00226,L_006,168,9.716127670014089,3.3084898155813796,17.919853439931163,4.158459656070073,61.66891543967639,0
C_00227,L_007,0,9.020709513143172,3.3037044719467854,18.25274781351123,4.245070592330442,54.46436181396588,0
C_00227,L_007,24,9.247471112199934,3.304895459697036,17.22980728116755,4.278164467360222,55.287971294834556,0
C_00227,L_007,96,9.246018970046743,3.3097489986049435,18.124036552048086,4.188788353284965,57.84489841874033,0
C_00227,L_007,168,8.918266485272325,3.2983542802831516,17.746256395551395,4.1879080823173185,63.992703181368604,0
C_00228,L_008,0,8.895646047404123,3.3012435166361147,17.598270505842898,4.189681916270358,54.58809308579576,0
C_00228,L_008,24,8.772519979011305,3.3107120732163957,18.105590784467143,4.138516869212081,55.78347407390721,0
C_00228,L_008,96,9.402747900973736,3.2796178392801365,18.135918519795148,4.239808691695797,57.58959737714134,0
C_00228,L_008,168,9.500613929707402,3.341860792059882,18.158206852333105,4.198230373733069,61.47485659511333,0
C_00229,L_009,0,7.9752558744839215,3.2805812211598417,18.49209056469732,4.183974843209199,53.57131319666403,0
C_00229,L_009,24,7.817343381342861,3.2343958305624643,17.945654140496696,4.195338089497651,54.89083692251637,0
C_00229,L_009,96,7.788050732261528,3.3290466590215884,18.369269682748946,4.258653171119375,60.56111986728613,0
C_00229,L_009,168,8.543595001550223,3.263218899127327,18.32087140434204,4.184153489516002,62.936734348795035,0
C_00230,L_010,0,7.180644859824776,3.309401838292395,17.186293100248193,4.114916098255366,55.00663736635512,0
C_00230,L_010,24,7.5466955776098255,3.2737675791021545,17.998650160438256,4.242923139550911,57.78972206382944,0
C_00230,L_010,96,7.575670222671458,3.327378852032815,17.67117938615945,4.209818566518014,60.0744693013773,0
C_00230,L_010,168,7.66487140781851,3.290254862214481,18.03279070702282,4.216376299839421,62.97858163404913,0
C_00231,L_011,0,7.726818630207341,3.2926179881819984,18.16114662569665,4.115235842391307,53.82833775068049,0
C_00231,L_011,24,7.762342906407257,3.330499082369426,17.78482578396773,4.200189113713497,57.21194892077249,0
C_00231,L_011,96,8.188581847649433,3.3309712471168362,18.017570288504054,4.225188181783168,61.86797181951068,0
C_00231,L_011,168,8.74541757422116,3.2828617096786736,17.557178164641368,4.189456952384919,63.08395030729365,0
C_00232,L_012,0,8.819648969394738,3.2756040415691245,17.66972304377373,4.142550423267486,55.85232985176541,0
C_00232,L_012,24,8.735072602406293,3.311995058001289,17.39690622673603,4.202096057582582,58.57930473176807,0
C_00232,L_012,96,8.921040195680666,3.3268926406206596,19.040324006539272,4.170688915487671,60.18252615272427,0
C_00232,L_012,168,9.094844975594215,3.340154979000412,18.46905989266336,4.209578887288254,61.77349530482796,0
C_00233,L_013,0,8.487209436741072,3.2934980865136247,18.273955397188164,4.192480202476672,56.06803258929182,0
C_00233,L_013,24,8.632218347560341,3.3198838853448267,18.740921883967726,4.225562306432701,55.860897950659734,0
C_00233,L_013,96,8.818510215840394,3.282305053420782,18.294293804505802,4.2154210615554515,60.53540563977769,0
C_00233,L_013,168,9.019600551255479,3.297927574412961,17.770293959837186,4.274269423781685,61.2928456215003,0
C_00234,L_014,0,8.895537136388066,3.2765850545597437,18.005368289938456,4.2005221570270175,55.31611031398259,0
C_00234,L_014,24,8.939123076080568,3.2919179350370906,18.186065794825076,4.220596861622286,54.50232048201607,0
C_00234,L_014,96,9.586686633519838,3.295448026766287,16.70867098881527,4.189183347293367,58.87384639307032,0
C_00234,L_014,168,9.665617153292379,3.3028172800103883,18.713367546383378,4.18457548187958,64.29478636817086,0
C_00235,L_015,0,8.546504483439989,3.3011656710698505,18.60943520947753,4.226459135785819,56.95267736999629,0
C_00235,L_015,24,8.503075018771487,3.3123732826130823,17.719145525221677,4.117453124658036,55.092102663861056,0
C_00235,L_015,96,8.527388832528212,3.340407043839093,18.07955443699342,4.172364426301686,59.507539613061674,0
C_00235,L_015,168,8.627977612136846,3.2725134528304873,18.457345441143314,4.304271445819696,62.161641102405056,0
C_00236,L_016,0,8.911308312795525,3.351494147483493,17.91506308416103,4.2846251932025,54.4816487492153,0
C_00236,L_016,24,8.875791666971573,3.2833511901060177,17.69892969412178,4.198949002578628,57.81508055438922,0
C_00236,L_016,96,10.045430457909468,3.273069303138131,18.103036471048977,4.233231738270141,59.49905146769206,0
C_00236,L_016,168,9.842912320862347,3.273879777642335,18.047918787571206,4.235455959846974,62.99811359463696,0
C_00237,L_017,0,8.98797438653437,3.3017823653374356,17.472708741652525,4.175999789011556,56.69512948076348,0
C_00237,L_017,24,8.99068964141551,3.288041680962515,17.578920060367043,4.154614909578044,55.87929976055625,0
C_00237,L_017,96,9.280817213447417,3.263258363948242,17.549763442129173,4.192815353657657,57.590015260561934,0
C_00237,L_017,168,9.769304682409393,3.318505576590142,17.752757841101072,4.1975189076956,61.39689922873028,0
C_00238,L_018,0,9.196570565170887,3.3221046934678196,18.270697501054762,4.2370257848557635,54.06071930608324,0
C_00238,L_018,24,9.3070155141237,3.3098015529145934,18.45485162280258,4.2176293283075115,53.77012267241631,0
C_00238,L_018,96,9.260142287286529,3.309178609422155,17.85971344099295,4.243286472574034,59.63013836104476,0
C_00238,L_018,168,9.458587120199489,3.351120581211916,17.718263791392424,4.205452651077461,61.09625202653736,0
C_00239,L_019,0,7.968783378389678,3.3212216634008764,17.685556461533334,4.231544444770609,54.116482131829365,0
C_00239,L_019,24,8.298861771900558,3.303513524872951,19.458566584639552,4.244324205004541,57.129532321529574,0
C_00239,L_019,96,8.271632264904788,3.2975735218531463,18.641847139605016,4.27695281319648,59.96128172071676,0
C_00239,L_019,168,8.890962259239247,3.2686084948426104,18.219222818021553,4.16534390487788,64.77399492052828,0
C_00240,L_020,0,7.756378042360014,3.3124284060096523,18.239213693584237,4.160613896600305,55.6278393367237,0
C_00240,L_020,24,7.420878849529085,3.249915771764995,18.333289219429382,4.172017881391219,56.016885121235546,0
C_00240,L_020,96,8.186831553891173,3.28451706688442,18.265639992549886,4.182125159426883,60.618426774000234,0
C_00240,L_020,168,8.304693801601882,3.288228153007106,17.80195994523579,4.294013724713821,60.78494535044781,0
C_00241,L_001,0,7.445387165755248,3.3074607809043766,18.170704957131274,4.16220441529591,53.806231315426295,0
C_00241,L_001,24,8.333054407923026,3.344269943043189,18.573281374893742,4.166246028312,55.22415164691116,0
C_00241,L_001,96,11.255841898122446,3.3025605702679726,20.086399815298545,4.17895825393788,59.97815479838305,0
C_00241,L_001,168,13.583166280785186,3.3099332077065715,20.155125093949977,4.182619301714776,62.94949673803634,1
C_00242,L_002,0,9.381506569157379,3.303365485908065,17.859960340095782,4.254039637551139,56.81457226974631,0
C_00242,L_002,24,9.531805269823241,3.274159108362027,18.22136859061034,4.195051870683497,58.42711170965048,0
C_00242,L_002,96,11.857247624665881,3.3189759286246256,18.598442961788294,4.131309984316494,65.25399834002545,0
C_00242,L_002,168,13.744779955684184,3.2618353535828075,17.70529696141051,4.181380593506843,73.30407750066544,1
C_00243,L_003,0,8.248616960188752,3.313163931262339,18.25145903346404,4.21550503086059,57.427107285597884,0
C_00243,L_003,24,8.605269199921556,3.3421892530201602,18.496109931465625,4.30259384409607,56.621632704544226,0
C_00243,L_003,96,9.177443246107496,3.3078741821787947,18.50914096672623,4.787522961371962,60.526293868485226,0
C_00243,L_003,168,9.504859825952424,3.249543897855008,17.963820722742355,5.188269977021817,63.240561265291504,1
C_00244,L_004,0,7.55911682069519,3.2858799162224392,18.133276313082934,4.239657443732701,55.605049022241346,0
C_00244,L_004,24,7.697781592575219,3.321701662471279,17.12879949191214,4.199840066646641,55.150498130600816,0
C_00244,L_004,96,8.077054178148497,3.2874592860907024,,4.285516517388338,59.056278926771526,0
C_00244,L_004,168,8.55614438714074,3.3498686604602277,17.75249298973235,4.287587013957158,62.61129303128574,0
C_00245,L_005,0,8.469005609903812,3.2983592329528353,17.719181352054356,4.203031661998574,55.900241349935584,0
C_00245,L_005,24,8.572300307480512,3.2920844298734533,17.88714785962,4.24184192168618,57.219690893681175,0
C_00245,L_005,96,8.937376053844417,3.2832853035638125,18.1707115138502,4.26967271116172,61.041622317548395,0
C_00245,L_005,168,9.314932529393152,3.293398100750203,17.58122840038972,4.2042994991233895,64.37518836997508,0
C_00246,L_006,0,9.3989472496067,3.3071827650643995,18.27933966928834,4.217497937394461,53.057361648063775,0
C_00246,L_006,24,9.290976175201783,3.3297084134589734,17.859557105979167,4.231402629535052,57.553679626734365,0
C_00246,L_006,96,9.78995754244295,3.305906769264725,18.52008796687429,4.145161243667118,57.98331805931272,0
C_00246,L_006,168,9.774456739393159,3.312637401105207,18.349747441405256,4.266486809700323,63.03690305824188,0
C_00247,L_007,0,7.7696949274101526,3.315308623002461,18.43133006420105,4.1896509445445025,56.633081904972464,0
C_00247,L_007,24,8.361911275078695,3.270012279311056,17.919741854470093,4.200537894830724,54.68992884982701,0
C_00247,L_007,96,8.45948512925116,3.2828854077793035,18.0445119654434,4.248827047676219,60.43007423347337,0
C_00247,L_007,168,8.681031764987695,3.3078835504446644,17.51105923819457,4.25575244972827,65.74494000078377,0
C_00248,L_008,0,7.784303007913972,3.3080799399214675,18.217665627123832,4.199769298152689,54.292874969123204,0
C_00248,L_008,24,8.001552871741323,3.298676033408424,18.522780655506615,4.17383330596366,54.54698791592845,0
C_00248,L_008,96,8.082024327608389,3.3323988172071064,18.072423961477224,4.200584636604515,57.64869889860738,0
C_00248,L_008,168,8.622144615499744,3.2742599351278803,17.67357258406729,4.23780136784336,61.95558357881108,0
C_00249,L_009,0,7.332647110005246,3.313952925298741,17.927494417144633,4.157474051593783,55.749031737060825,0
C_00249,L_009,24,7.117851672302807,3.3121538827519093,18.363050923746645,4.261215202390786,55.974766613387196,0
C_00249,L_009,96,7.827643846622519,3.292571381569246,17.784775287896313,4.227518304204101,60.01754974009201,0
C_00249,L_009,168,8.077499798441467,3.273470195266614,17.603267542885664,4.240416372040731,62.53623255273971,0
C_00250,L_010,0,9.009790631637918,3.300412629405008,18.63762498710579,4.232299489360918,55.8047371726077,0
C_00250,L_010,24,9.522633223245403,3.2824030164737548,17.556356261253356,4.173257966333714,57.097903528483776,0
C_00250,L_010,96,8.975335565967255,3.2948142940825798,17.75494317064729,4.239921819267341,59.26602730734063,0
C_00250,L_010,168,9.511133001357964,3.314749021134072,18.325468376920696,4.184258168408343,63.42290325481205,0
C_00251,L_011,0,8.021238500356063,3.3018541544151505,17.574577794288082,4.179461920518036,53.69120803075686,0
C_00251,L_011,24,8.210951813340559,3.3106428648646227,18.18106440678892,4.202637302419068,54.672460324958024,0
C_00251,L_011,96,8.144364523222093,3.2898173331920377,17.81851710918572,4.211570677291022,57.7221409756269,0
C_00251,L_011,168,8.477938372123907,3.2753120555037825,18.305281293883485,4.24061209470663,64.71064964684523,0
C_00252,L_012,0,7.696961140731305,3.311380068115928,18.097632820626536,4.190892894832567,54.80754803686568,0
C_00252,L_012,24,7.943722908300578,3.3152532625949274,17.980447214470985,4.208800810900787,56.097913440877186,0
C_00252,L_012,96,8.23254946060355,3.2776429244529486,17.005524993172706,4.231161118911046,59.99999888074321,0
C_00252,L_012,168,8.831453995681295,3.309274705623489,18.271058777501633,4.166839323446557,61.54534797150388,0
C_00253,L_013,0,8.662105024226365,3.308437328470471,17.54770212501958,4.228744865015642,57.05717761598118,0
C_00253,L_013,24,8.743779820325615,3.284178913628697,17.922180099222032,4.208708751545914,55.953231668360935,0
C_00253,L_013,96,9.207248409804311,3.2855201253868773,17.395521996550407,4.273562830167421,59.8669622812212,0
C_00253,L_013,168,9.674407639642858,3.266900197631747,17.652062197420705,4.2353647027620385,65.98710500282803,0
C_00254,L_014,0,9.519048699776814,3.3216144612821465,17.84537950751983,4.137447412347123,54.85080061498132,0
C_00254,L_014,24,9.754038416774515,3.2979352134563706,18.182358041087895,4.183163207965775,56.88829421420063,0
C_00254,L_014,96,9.939714410142571,3.3096873961953612,18.220665869730848,4.2686560344912134,58.5565012177575,0
C_00254,L_014,168,9.858975703975755,3.303948333720867,17.746059043007442,4.246325461410898,61.73418919881771,0
C_00255,L_015,0,8.459481524112432,3.323367051572408,18.17691340641634,4.218445855654394,55.078926010225196,0
C_00255,L_015,24,8.462622814399937,3.282094522122218,18.12997725824672,4.188817866507512,56.527207163665814,0
C_00255,L_015,96,8.941142649887484,3.31582097830879,18.170310122681844,4.205053066532182,61.59921571595779,0
C_00255,L_015,168,8.863685805226169,3.3025350008351313,18.103255413500097,4.233781454680633,61.48665152238344,0
C_00256,L_016,0,9.481085340868148,3.3192745397298284,17.824153076040005,4.195711553241911,54.18030927134919,0
C_00256,L_016,24,9.310727202674197,3.311817077305965,19.140746735744923,4.209733119589363,56.01960040684727,0
C_00256,L_016,96,9.256816219996834,3.287877500180529,18.55296675122247,4.224664044225694,60.36654635193887,0
C_00256,L_016,168,9.937044369975489,3.347954109865719,17.101841586246092,4.275775507025821,57.7330624981622,0
C_00257,L_017,0,6.226636239817819,3.3111534456809943,18.517877887118427,4.214555480152863,54.98962164878531,0
C_00257,L_017,24,6.680274318715263,3.2534652561194743,18.31133881005168,4.272133013920709,56.844650307328685,0
C_00257,L_017,96,6.710793250731382,3.2621276398197265,17.619314516191196,4.144852410520223,60.92692559650152,0
C_00257,L_017,168,7.453660626115451,3.2642436679189406,18.349707806673987,4.239044157760801,63.053027903467246,0
C_00258,L_018,0,8.161481424477735,3.3001846243532578,18.075936417852684,4.215155076480807,52.66023858921636,0
C_00258,L_018,24,8.26668879829772,3.307154873563858,18.45091439698961,4.198322934210472,56.43594723473383,0
C_00258,L_018,96,8.5597060261144,3.2838310270880107,18.235295850112923,4.186362390804621,59.95254244042658,0
C_00258,L_018,168,8.87724893785415,3.292401633086996,17.852335725534,4.1946751603033725,63.46337628119063,0
C_00259,L_019,0,7.620879824978419,3.28671357744233,18.8529226314645,4.184810562086015,55.277856190333985,0
C_00259,L_019,24,7.390128913251707,3.256651939919258,18.689682551576908,4.256985552773604,55.092725572223515,0
C_00259,L_019,96,7.710855271280833,3.3452816920389776,17.841726377315254,4.197810395322363,60.29232276689028,0
C_00259,L_019,168,8.293914219744117,3.3550275784688646,18.11192501714356,4.1991187680168505,64.72471089652329,0
C_00260,L_020,0,8.412763382567071,3.3149708543164014,18.009138602952184,4.160202622247347,54.665685072632556,0
C_00260,L_020,24,8.426892643118705,3.3107679814117494,18.075030826335013,4.170264551011609,56.41510476447243,0
C_00260,L_020,96,7.794392092625777,3.3095711427216283,19.15664489142507,4.148236493078155,60.612046748362985,0
C_00260,L_020,168,8.470259765593466,3.2884354296485854,18.466368409151542,4.2338980405742115,62.710356654358364,0
C_00261,L_001,0,9.028985868771356,3.3037836733414183,18.087876944320367,4.1315812780170695,55.02010085088609,0
C_00261,L_001,24,8.791586459922186,3.266613578741003,17.02909927156412,4.203435475990361,55.490716750093036,0
C_00261,L_001,96,8.978031747608815,3.291596884934341,17.16368042801656,4.226661593479517,61.21632198039854,0
C_00261,L_001,168,9.035035925850607,3.3283633112174305,18.34456298665145,4.260292637701894,63.793530130659654,0
C_00262,L_002,0,8.929792582153555,3.254531055771902,17.324523254870318,4.170559683992409,55.624865078442085,0
C_00262,L_002,24,8.971554077422569,3.3081170413307213,18.502697615155213,4.248082669086071,55.98707293685008,0
C_00262,L_002,96,9.32929873186745,3.2788042113069538,17.915288832740895,4.2214430833333685,58.52456644147602,0
C_00262,L_002,168,10.105044560024776,3.314160216934937,17.73193352606397,4.292094790209209,58.90954550823397,0
C_00263,L_003,0,8.434156711399465,3.2973753823423526,18.06726784533278,4.248151286121018,54.415461027522845,0
C_00263,L_003,24,8.228970241093476,3.3277597743089364,19.14231745324258,4.2148392750948345,56.845024491810435,0
C_00263,L_003,96,8.57532990434289,3.332760737520788,17.730361019235186,4.197438726182963,59.71154067687565,0
C_00263,L_003,168,8.637384950490102,3.2870549999325505,17.97482835267281,4.285763333030805,61.15506846104803,0
C_00264,L_004,0,9.017649726429173,3.3281652587157295,18.01266745960089,4.182298941378447,54.12642341756306,0
C_00264,L_004,24,8.664641994773241,3.309800759951438,19.022696545902,4.210357084432916,57.49277654570272,0
C_00264,L_004,96,9.137044986472654,3.288249782024616,17.372647870310963,4.236612869646313,58.64069719631465,0
C_00264,L_004,168,9.226953161426806,3.290569108147593,17.567295573995178,4.209002575981297,64.34140128065967,0
C_00265,L_005,0,8.100310838968678,3.3143098777007336,18.39752980601959,4.230841448670392,57.27060259647953,0
C_00265,L_005,24,8.129178573979269,3.2932742378934834,18.197308631149497,4.215810492581184,55.64712519950109,0
C_00265,L_005,96,8.032176241390395,3.3036559264241374,17.908078730486714,4.132956538663079,59.112236258391526,0
C_00265,L_005,168,8.636542501391935,3.3632089118802235,17.823961123505704,4.1934515241380375,63.60919412266646,0
C_00266,L_006,0,7.502371938430916,3.2956267529499037,17.10960044989979,4.23705506991333,55.242781816670025,0
C_00266,L_006,24,7.740331110218232,3.264332664467555,17.73794088024229,4.1909592110021565,55.21804203125055,0
C_00266,L_006,96,8.127413030606732,3.3359768770871554,18.32971992424621,4.247058010297279,59.55787955507557,0
C_00266,L_006,168,8.438100520826877,3.299082320109525,18.454100357814774,4.257920371438466,64.73532493193177,0
C_00267,L_007,0,8.844522347850738,3.3194905255183973,17.990394111418247,4.245474745338023,53.99024781628642,0
C_00267,L_007,24,9.164824915355176,3.330138514112007,17.533352742903578,4.221448277121088,57.721141097350284,0
C_00267,L_007,96,8.81707672459979,3.292813221698604,18.596131634532263,4.227001108976167,58.84239372228207,0
C_00267,L_007,168,9.310744523643871,3.3611950688398227,18.079884551482674,4.215899211846149,65.42137124592708,0
C_00268,L_008,0,7.442958363361382,3.332030764094064,18.52120020095818,4.245282054688428,54.397449845271424,0
C_00268,L_008,24,7.674545277544721,3.2985036400576035,18.35213318130258,4.264285443882627,55.70822778199117,0
C_00268,L_008,96,8.412083313198131,3.3224298604508262,17.894340272648513,4.241719884816588,60.01320443766666,0
C_00268,L_008,168,8.789176919369389,3.329672283614977,18.0115535041461,4.206332269837763,65.04712833445053,0
C_00269,L_009,0,8.95506438942936,3.301284946357927,17.852449021815954,4.193514619734244,55.520522946657344,0
C_00269,L_009,24,9.348400003383945,3.29400715553673,18.023675434160122,4.167527750726597,56.30536832515178,0
C_00269,L_009,96,9.782824310933469,3.340612446148919,18.091514036113068,4.231545599902598,60.43138585119635,0
C_00269,L_009,168,10.129545475812598,3.3078491288124803,18.02621897426317,4.220510147691085,62.815739613395955,0
C_00270,L_010,0,9.108670760836432,3.3677636692211594,17.45803487315968,4.149621151824958,54.70900384950636,0
C_00270,L_010,24,8.878014081898403,3.322394512775931,18.266063823921723,4.209024102614076,54.99427374948736,0
C_00270,L_010,96,9.057811683101601,3.2938969307061843,17.99095745323089,4.145202775016555,60.20615122777805,0
C_00270,L_010,168,9.266286494954096,3.319102705592094,18.110409726857586,4.239442448002958,61.606427754332884,0
C_00271,L_011,0,6.712080971638386,3.330615733939995,17.179507285414743,4.233733795676999,55.7958585283078,0
C_00271,L_011,24,8.23050599474211,3.380204022847912,17.33421292358835,4.229957943057284,55.07655559314879,0
C_00271,L_011,96,10.606907188629222,3.2948306959112026,19.486973473679257,4.1721039775183,57.40163331511608,0
C_00271,L_011,168,12.75776982841425,3.3310409315724683,20.31583736202542,4.1588923729038765,63.9366493313958,1
C_00272,L_012,0,9.85129987961489,3.280046357380339,17.96175458957846,4.2048415175865435,57.28916316453043,0
C_00272,L_012,24,10.32319200293106,3.304407315527411,17.910054185805762,4.200120575708672,59.402992411412306,0
C_00272,L_012,96,12.084054892228,3.2901250682175456,17.74597177547384,4.186420822417983,66.85122478852827,0
C_00272,L_012,168,13.78726948814516,3.337460506891258,17.907030332744625,4.243176466742244,71.31748480474869,1
C_00273,L_013,0,6.708211233349124,3.304523998935528,17.776878635784588,4.115045003204466,54.80637675475706,0
C_00273,L_013,24,6.9355984506120105,3.2921514386313033,17.565216582567402,4.286205699355715,57.24955467226347,0
C_00273,L_013,96,7.473229218709662,3.305079161918526,17.37775727725823,4.789004669081536,59.840099819910236,0
C_00273,L_013,168,7.629292254862218,3.315168329435293,16.656379859650535,5.236809688177138,62.93598844530393,1
C_00274,L_014,0,7.916539212972544,3.2589816347428293,18.317059387675897,4.230533553901264,54.773831907551724,0
C_00274,L_014,24,7.735902935933965,3.2755155498952675,18.4616694592111,4.141693949683021,56.199228578416545,0
C_00274,L_014,96,8.010871668814431,3.2976041375089284,,4.202702763366285,60.848793124411586,0
C_00274,L_014,168,7.948586029727631,3.312465896681296,18.04005551415556,4.189249775446708,63.73630261921365,0
C_00275,L_015,0,9.449769488997106,3.3359985784775166,18.175413024242335,4.1879327689547665,55.41601689849245,0
C_00275,L_015,24,9.132968312945628,3.3135951811979476,17.63674028754326,4.232439809864872,55.37989407499999,0
C_00275,L_015,96,9.264027359439906,3.266390129917917,17.394864864157615,4.239634050639892,62.13122119303256,0
C_00275,L_015,168,9.520667288968562,3.286659143771016,18.373780596392923,4.208668033062011,62.92830458524747,0
C_00276,L_016,0,8.420331881817926,3.2975904546610377,18.29003133990699,4.178525234685168,53.563534773492115,0
C_00276,L_016,24,8.103963839853689,3.32752981333448,17.76567069387077,4.167321578233681,54.88054375648136,0
C_00276,L_016,96,8.487331911585153,3.3410712042213295,18.159187715267624,4.2343311357126785,59.757985664671544,0
C_00276,L_016,168,8.441410586345132,3.275916698238261,17.512246669677456,4.161714169772334,63.86313028430438,0
C_00277,L_017,0,8.680132939636874,3.3513869214654655,17.5975775981309,4.282072510237558,55.09539527570974,0
C_00277,L_017,24,9.120963712954522,3.244928765437259,18.162956239174214,4.158092584310408,54.40376736607557,0
C_00277,L_017,96,9.381265389659555,3.3194338765684464,18.320158643205396,4.28105278421458,58.28382838651054,0
C_00277,L_017,168,10.028827462795622,3.267766620064951,17.849232439769107,4.194246187468753,62.17715205471243,0
C_00278,L_018,0,8.778408761247624,3.3249616976155747,17.980161688301493,4.18701612416412,56.1892800289978,0
C_00278,L_018,24,8.972816393538926,3.343557846154906,18.138334844922312,4.209127331042906,55.29264335867445,0
C_00278,L_018,96,9.944350585414485,3.3326252622211605,17.675522048340543,4.197626826383244,59.25673234118423,0
C_00278,L_018,168,9.960800990278145,3.282469350184214,18.197467435512763,4.273083525281573,62.74290654795491,0
C_00279,L_019,0,7.621837122877676,3.349961646868648,18.45076914900668,4.23777289408473,54.42020973364323,0
C_00279,L_019,24,7.706580437606682,3.2637073646558648,18.351783102621518,4.221785041335209,55.82561831064107,0
C_00279,L_019,96,7.893137083817863,3.2964555213449898,18.076520487852285,4.244247331591713,61.11462540904251,0
C_00279,L_019,168,8.236546117688547,3.299487610945679,17.523613229420835,4.131615769893838,61.23574125348303,0
C_00280,L_020,0,8.60343611960577,3.349050141596056,17.980676512669465,4.238132142065711,57.00962160008967,0
C_00280,L_020,24,8.598765028535741,3.283062272077984,17.07276197379406,4.253626547540734,55.601380076169434,0
C_00280,L_020,96,9.002907093016155,3.270500707959683,17.908038253558672,4.279111120993819,58.80146964446295,0
C_00280,L_020,168,9.303983289492923,3.2911388001005926,17.534539003457837,4.254533509648461,65.51253462098727,0
C_00281,L_001,0,8.46468013125236,3.340356152359372,18.246131781757217,4.226792936836658,55.087087696709226,0
C_00281,L_001,24,8.619428668526774,3.3520802739764757,18.59675808151651,4.128259273706045,52.94255616921767,0
C_00281,L_001,96,8.657682569681226,3.3427775390090715,18.10992522702416,4.177859606182172,59.19531757220825,0
C_00281,L_001,168,8.647135721144904,3.272875967413585,18.01639967662184,4.248827014738133,63.04098953224894,0
C_00282,L_002,0,6.744818517194672,3.305729570869604,18.029688526397702,4.268575212814264,56.211622886222585,0
C_00282,L_002,24,7.048583350772361,3.321373993829117,17.403143099377793,4.1933075288808235,55.86669371112318,0
C_00282,L_002,96,7.274641360886994,3.3212101612240708,18.249372668286977,4.178624136230282,59.024558558419955,0
C_00282,L_002,168,7.788099006406043,3.279215857530067,18.065325051178657,4.207273572922455,63.16403904399265,0
C_00283,L_003,0,8.196513146754384,3.3256517992538384,17.72038052637862,4.174979813924169,56.69291542517465,0
C_00283,L_003,24,8.560454502815533,3.3052166474740994,18.342517747412845,4.190600745932602,57.59860504341571,0
C_00283,L_003,96,8.399439239371773,3.3226016237325062,17.68796400097469,4.267977682368943,59.5613874181659,0
C_00283,L_003,168,8.659199527363953,3.318968200516358,18.010738989535312,4.203083667428587,62.62099899801621,0
C_00284,L_004,0,8.351260925224883,3.3002571681834367,18.389063337987444,4.1960061850451424,54.20457733343596,0
C_00284,L_004,24,8.476233726471898,3.294057909039868,17.923035545272022,4.149477199996537,58.31281605624961,0
C_00284,L_004,96,8.800171882087215,3.3283957462212532,17.985093273287095,4.189185660986801,58.327356355318145,0
C_00284,L_004,168,9.566185057940492,3.331384561522694,17.61610950124418,4.195190055192254,64.47184169472791,0
C_00285,L_005,0,9.808917882259854,3.3251824766839526,17.742847693082282,4.208777598344797,54.678847522124705,0
C_00285,L_005,24,9.596255503697677,3.3003086364356533,17.498524656127177,4.162799637265785,57.254729225917615,0
C_00285,L_005,96,10.267464529039191,3.2919494342840463,17.708211843764218,4.210633611104427,58.89570847845221,0
C_00285,L_005,168,10.635243413681433,3.3282846690489576,17.964358181555394,4.206894040267992,61.623644726080286,0
C_00286,L_006,0,9.244747691924974,3.296933094472132,17.94639373482765,4.229744280003987,55.64418094791744,0
C_00286,L_006,24,8.895658904259916,3.246109828035411,18.253529476948238,4.305020062952525,58.1172563446947,0
C_00286,L_006,96,8.613605682905474,3.307045740610465,17.42369073689652,4.257883576142183,60.31835782753993,0
C_00286,L_006,168,8.93606721657157,3.278555499950204,17.754098374103403,4.274446025834419,61.85294089436649,0
C_00287,L_007,0,8.17551374787369,3.2687179841619325,18.05038165864997,4.239209350748907,53.625726434935935,0
C_00287,L_007,24,8.878226238420046,3.2820624894442942,17.892894724704053,4.158959788329367,55.470435351950506,0
C_00287,L_007,96,9.222405425413745,3.255954575976595,17.844227069114385,4.259162622453431,60.76034265291,0
C_00287,L_007,168,9.19618174273562,3.330536805005189,18.035202966460577,4.237010522837605,61.26366537428928,0
C_00288,L_008,0,9.591803657415465,3.2770004972231574,18.43963386769292,4.145128977688361,54.92563934435862,0
C_00288,L_008,24,9.897869964275573,3.2874249371820308,18.125919119258604,4.304723389874567,55.8397682972677,0
C_00288,L_008,96,10.37627519821017,3.325383295609546,18.107812639865486,4.266144859419884,59.42551026301272,0
C_00288,L_008,168,10.985194439355645,3.255406877797636,17.27111938778472,4.141572052382916,63.19762514378366,0
C_00289,L_009,0,8.740981798073038,3.293895327022458,17.62026521615805,4.224890349930808,56.50669283910326,0
C_00289,L_009,24,8.615395899455768,3.3297087480151335,18.15957952234876,4.192745680012926,55.177459759406254,0
C_00289,L_009,96,8.966051248716408,3.309575328761292,17.632418443931044,4.291387372927854,60.34114815310903,0
C_00289,L_009,168,9.416206021775615,3.295278278767388,18.363193702044732,4.244368939961046,62.30445603878853,0
C_00290,L_010,0,9.620155401769091,3.2935326755189536,18.015617730213954,4.179062134300794,56.290762481534635,0
C_00290,L_010,24,9.676075720367841,3.274894136846745,17.57604653016715,4.266578894599433,55.727133640235024,0
C_00290,L_010,96,9.990356425252525,3.2887390340543536,18.056826511756906,4.182144350820557,60.3208866824946,0
C_00290,L_010,168,9.530022538778578,3.317123863916375,18.145563337571552,4.2126978135013635,63.171961402377235,0
C_00291,L_011,0,8.015948775353621,3.312797397801231,18.933503127664256,4.259420859545772,55.87325549443931,0
C_00291,L_011,24,8.199409410121982,3.310536268513883,17.968373135093543,4.14616662841156,54.33670361165236,0
C_00291,L_011,96,8.502051084473464,3.3478581352150942,17.88604708382215,4.255291563984493,60.03380771319676,0
C_00291,L_011,168,8.526644316583646,3.3180415489952373,18.48767885127332,4.176704290957024,61.47949391624403,0
C_00292,L_012,0,8.682500285951082,3.289126037521596,17.887934382325287,4.154808184068158,54.78253620843343,0
C_00292,L_012,24,8.903546671460001,3.301823122292928,17.54896150500723,4.189551979146137,55.36482704650724,0
C_00292,L_012,96,8.57023552796423,3.334008493476161,17.935882909026027,4.284200635615477,57.654515426028695,0
C_00292,L_012,168,8.912005673243048,3.316022353963553,16.797335588001268,4.223197572946143,62.885582593804735,0
C_00293,L_013,0,8.29164495495891,3.3310534654656894,17.88195846348855,4.1638218709481585,56.15761527299634,0
C_00293,L_013,24,8.611659306570628,3.338461632850713,18.153279912821045,4.210369213978297,56.37938104390259,0
C_00293,L_013,96,9.30221967854515,3.3195901273574324,18.63875856276673,4.2329187250879805,60.652205070855096,0
C_00293,L_013,168,9.785898755162652,3.2977275964979462,18.0149609323551,4.283863076691876,63.20118175767204,0
C_00294,L_014,0,9.943718119606192,3.32001045894788,18.142011564388813,4.187125091592402,54.45573810723326,0
C_00294,L_014,24,9.792286950875221,3.283391545510675,18.058069047864254,4.212759818968442,56.54089303731466,0
C_00294,L_014,96,10.306425849863754,3.3322208098077746,18.436453962144935,4.19752149316287,59.120954491124294,0
C_00294,L_014,168,10.505313029715879,3.269106350535851,18.302728220323985,4.220845265638278,63.906985805026046,0
C_00295,L_015,0,10.420334291680387,3.30409305637645,17.5483397683651,4.1304405109120035,55.85338018832143,0
C_00295,L_015,24,10.55187990117448,3.2473615180447752,17.75505519347726,4.192238335817881,55.095786211959265,0
C_00295,L_015,96,10.996314805761225,3.291462154640465,18.775752222655736,4.235057239831053,59.31291670724602,0
C_00295,L_015,168,11.658078540519869,3.299292166608693,17.65442005481693,4.184234791290246,62.327639067722224,0
C_00296,L_016,0,9.274601552296199,3.302950243828228,17.112283099112773,4.198370145687313,53.686364335562956,0
C_00296,L_016,24,9.459390135093397,3.355744877879874,18.56299926704048,4.260100218132892,57.18443306407506,0
C_00296,L_016,96,9.802043067231203,3.3040767551983174,18.4381831320441,4.186201971235629,62.93153169452576,0
C_00296,L_016,168,9.836390058769986,3.309949613939072,17.70664091039108,4.187522860005531,63.129223583393966,0
C_00297,L_017,0,8.617431059337676,3.2713183377134634,17.60266264224871,4.216576933179145,52.686974637139905,0
C_00297,L_017,24,9.172843570628405,3.318820045573544,18.482356330282197,4.226478704801222,56.40558375934311,0
C_00297,L_017,96,9.483962532980415,3.3229853197935024,18.169242915399295,4.259414303405835,59.823043742338356,0
C_00297,L_017,168,9.538781783669444,3.2923552383587067,18.518707294866708,4.27785579987803,60.18505410899592,0
C_00298,L_018,0,7.384455696651869,3.2941428574418157,17.856807087540336,4.137663308811325,53.59426577676848,0
C_00298,L_018,24,7.846087697261224,3.3263510399040914,17.804945101599962,4.20055954854396,56.922710711048225,0
C_00298,L_018,96,8.429396900147612,3.2291438804341692,17.569375042954903,4.208793062283101,59.534915973545395,0
C_00298,L_018,168,8.480822516247343,3.296848111590752,17.70404125104339,4.217578757044107,61.69731571810139,0
C_00299,L_019,0,9.029866809432772,3.29981409133386,17.21685619559951,4.218462156718451,54.45616631923752,0
C_00299,L_019,24,9.386935245133902,3.314776336891062,18.526529881898846,4.161702705394261,55.601655667520994,0
C_00299,L_019,96,9.236679715637909,3.282370219776767,18.563447441028867,4.268071051688329,59.125764602003656,0
C_00299,L_019,168,9.678295574795463,3.298095108199401,18.263522538814403,4.14460758945854,61.62224004623465,0
C_00300,L_020,0,7.432476409825097,3.304052295213971,18.1870496864699,4.1943312761782465,52.66115371729849,0
C_00300,L_020,24,7.769791545907644,3.307130148159144,17.70884252012184,4.203651773010147,55.70394908000011,0
C_00300,L_020,96,8.241658039305683,3.3196580917072893,18.546550585179276,4.184147132719444,60.031231398616,0
C_00300,L_020,168,8.204613481823852,3.2964106838340457,17.5463887689887,4.265637345062273,62.370980512494,0
C_00301,L_001,0,9.008467995771845,3.317995699523284,17.395061794413465,4.194173557072102,55.77005277881663,0
C_00301,L_001,24,9.9629704643549,3.2842890599704466,17.232174031305778,4.15887486843554,56.07321090937019,0
C_00301,L_001,96,12.509320266996347,3.3420937030656246,19.69080732686757,4.211832639740688,59.49817098857548,0
C_00301,L_001,168,15.34368033517724,3.285247238696064,20.436872295516732,4.171429675194468,62.961130467862276,1
C_00302,L_002,0,9.337632332229417,3.3127412690801568,17.887176489274975,4.178621175131497,54.15097204479527,0
C_00302,L_002,24,10.046238574715517,3.2910486430197325,17.795809019356764,4.148700386940641,56.78630014824738,0
C_00302,L_002,96,11.833578810165788,3.2919587912839505,18.089446804869922,4.238491519080865,65.37888297754688,0
C_00302,L_002,168,13.846663755606507,3.293983243034107,17.74485074882644,4.173243374347102,73.84187856632856,1
C_00303,L_003,0,7.9820807299044825,3.275863583052203,17.25255364994684,4.232776244834592,54.05645665401702,0
C_00303,L_003,24,7.910327908181339,3.272653821467564,18.19036618862868,4.39999630845872,55.57355962841813,0
C_00303,L_003,96,8.310803121017269,3.3267907959972267,17.18529943303876,4.858674745716507,59.0877399382212,0
C_00303,L_003,168,8.151074335855814,3.2975624192770807,17.676473835658697,5.20440912916381,65.93292036279165,1
C_00304,L_004,0,7.93816715271286,3.2956953709676218,18.231652906633084,4.152651146889389,54.86491611163841,0
C_00304,L_004,24,8.584357633277973,3.283939333007289,17.938191155886216,4.186231040909835,54.167376716093166,0
C_00304,L_004,96,8.915366548860291,3.314498346043232,,4.153206491491088,60.22913381632714,0
C_00304,L_004,168,8.918582820364206,3.2569512182613347,18.3687034140785,4.171547177684741,62.5212422696077,0
C_00305,L_005,0,9.534326168763302,3.2692013194478946,18.2806543469156,4.180072303062626,54.70209576084139,0
C_00305,L_005,24,9.585553119098448,3.2883562997898657,17.85367826864831,4.240130053255512,54.83817475695112,0
C_00305,L_005,96,10.496904527431155,3.266873509179366,18.726943622930367,4.167911003695162,58.629059460265694,0
C_00305,L_005,168,10.643332057533684,3.2914067832115537,18.360610756359996,4.274993071889153,62.99878412095606,0
C_00306,L_006,0,9.117593276208645,3.2752112421856325,17.4841645924221,4.182497067720635,55.221106266885464,0
C_00306,L_006,24,9.010347737731678,3.2988411574354806,18.682211306047286,4.247019299905823,56.44238390007508,0
C_00306,L_006,96,9.391358861870035,3.3114957576616204,16.957157287406623,4.252977593206736,58.86920767959657,0
C_00306,L_006,168,10.260751562298863,3.2568258628605884,18.413165801343524,4.210979646527432,62.74369505054011,0
C_00307,L_007,0,8.329969357229377,3.344628195049147,18.453622618287266,4.176244186841771,55.714897488054056,0
C_00307,L_007,24,8.015459194825723,3.3368306086409865,17.64982157207496,4.26135205190171,54.93822204251613,0
C_00307,L_007,96,8.481739246217298,3.292328292185992,18.29730281085101,4.207952598057957,60.20151502046305,0
C_00307,L_007,168,8.708206663797691,3.2964006972694717,17.64074934956753,4.238993071018426,62.556944050237426,0
C_00308,L_008,0,8.192568206217432,3.3433768490628566,18.695975134843607,4.2353513984504785,54.455368169974975,0
C_00308,L_008,24,8.473522669943973,3.3345581861474116,17.840776483094665,4.176840615688966,55.67748432040802,0
C_00308,L_008,96,8.87110751458135,3.344210633212846,17.3707236401895,4.229298823882809,61.818110182192314,0
C_00308,L_008,168,9.237154223469327,3.293399887693305,17.47451163708071,4.2582937221774095,65.48529911905993,0
C_00309,L_009,0,8.211151370169057,3.328872132768142,17.98578686285409,4.1538340425765234,53.51859726424887,0
C_00309,L_009,24,7.957205882652088,3.272369878979562,17.207046894387354,4.176304251867107,57.9859456019483,0
C_00309,L_009,96,8.187455597053635,3.318610218342443,17.831069926211146,4.222799163855978,57.825862824392644,0
C_00309,L_009,168,8.587783533680474,3.3480225205521505,17.843181264887896,4.230377177504786,62.13199840856132,0
C_00310,L_010,0,7.578226997755264,3.296920492606027,18.275210714259362,4.22684049708844,54.42735204526616,0
C_00310,L_010,24,7.719272723228123,3.281025378400172,18.350070399012395,4.186534645376196,55.599928735441885,0
C_00310,L_010,96,7.84036669642391,3.3012493993676646,17.516387834238706,4.218473707958981,59.99089810978704,0
C_00310,L_010,168,8.227093669171317,3.2986243008402423,18.06030201427556,4.190345717869396,63.0530254019515,0
C_00311,L_011,0,8.600510355826705,3.3068273526407888,18.527450817364514,4.120829900932649,57.81487964675321,0
C_00311,L_011,24,8.405088793467742,3.265535896409947,17.89352751399825,4.210369122766654,53.07364145745634,0
C_00311,L_011,96,8.473350230193663,3.3099907671540016,18.006475361918504,4.222471800968752,60.6759259694373,0
C_00311,L_011,168,9.128478635318862,3.2974122837892565,18.798382000576694,4.183384453852711,62.37627365909568,0
C_00312,L_012,0,9.148795899253047,3.29252066302026,16.8021155982792,4.077485275073028,54.60670909999988,0
C_00312,L_012,24,9.362688996134624,3.3471835236563985,17.99211228827302,4.150437465062942,57.669763735198,0
C_00312,L_012,96,9.462088893723491,3.2748240443928722,18.74185862533824,4.298151543757179,59.06792796024737,0
C_00312,L_012,168,9.776867013794957,3.267625825538139,18.695895253270223,4.218052272433962,63.573936840876215,0
C_00313,L_013,0,8.354022452274497,3.2639383287288584,18.489189235163597,4.195823558354573,54.29714616521298,0
C_00313,L_013,24,8.407339500495535,3.2965950072804002,17.45445715726862,4.232533136063583,57.53341817561796,0
C_00313,L_013,96,8.703865259514533,3.3000261796520634,18.05455088266021,4.140327550962719,58.52042062660086,0
C_00313,L_013,168,9.282440000229627,3.2905415491369023,17.898870710604005,4.221496242033709,62.72303296141438,0
C_00314,L_014,0,8.635760867818162,3.2737206013183227,17.831483149731383,4.144734747042597,54.95638465159971,0
C_00314,L_014,24,8.506825584180875,3.278745009159853,18.04151952006443,4.153998848547039,57.27251548344556,0
C_00314,L_014,96,8.46049311862215,3.273330519061065,18.610801912799914,4.179246695320125,58.33123393367608,0
C_00314,L_014,168,8.772649990987185,3.3189883436440804,17.53826309958091,4.21656911711047,63.55947014718178,0
C_00315,L_015,0,8.490273194328996,3.3171262240912625,18.962178511718342,4.134814556380628,55.756510345576196,0
C_00315,L_015,24,8.737566839161238,3.289572794321451,17.850259485751558,4.149973566519128,55.13187869177467,0
C_00315,L_015,96,9.073776300755936,3.294994679759437,18.470623766292313,4.207364034285595,61.25617583568858,0
C_00315,L_015,168,9.636721679014512,3.2942500200993052,17.65933669536729,4.223209243668119,61.824726999716674,0
C_00316,L_016,0,7.62815474757652,3.336026919456,17.80299202573266,4.1709673322106715,55.13865942779736,0
C_00316,L_016,24,7.675153946586764,3.2977258776302167,17.626186018529204,4.121219447021535,55.4855407888409,0
C_00316,L_016,96,8.122050946556222,3.303406457656337,18.539799511421624,4.28679089032998,58.898313770373726,0
C_00316,L_016,168,8.653609639781692,3.3191693573065777,18.769454665167324,4.289034145371651,63.91120052575016,0
C_00317,L_017,0,9.248374908971746,3.2915540667162433,18.279563224902773,4.1711860785056265,54.75372139367516,0
C_00317,L_017,24,8.969107325218152,3.3430772473693127,17.900786437836157,4.2203660746363205,55.913529691121255,0
C_00317,L_017,96,9.858757578304647,3.3361085925523355,17.441217984531885,4.3044664921553375,61.320772605082254,0
C_00317,L_017,168,10.25402806322782,3.335626983315636,17.474114301304784,4.20345540484922,64.30453223818652,0
C_00318,L_018,0,9.711766986253794,3.349230645420554,17.287670061124995,4.264385242281265,55.67254932995056,0
C_00318,L_018,24,9.579090859863088,3.269449890326005,17.510466583139884,4.218283751041015,55.471492251078466,0
C_00318,L_018,96,9.923535598201408,3.283425848825756,17.45413478736811,4.187459062717033,58.23663027369094,0
C_00318,L_018,168,9.871092686492963,3.30085525295832,18.31329335782624,4.258296858064678,63.40404863010757,0
C_00319,L_019,0,8.48765020948613,3.263481867350701,17.599226266346587,4.171232524161483,55.09131337470702,0
C_00319,L_019,24,8.331684269020197,3.3176760181274223,17.277690059343712,4.138954109255081,55.893470516392696,0
C_00319,L_019,96,8.634264129984702,3.263633903178547,17.726963020808597,4.192529675874665,59.17076199761482,0
C_00319,L_019,168,8.890431564778808,3.2834605278894107,18.665026335003724,4.234528185589343,62.52804246357343,0
C_00320,L_020,0,8.288670400960676,3.2849904392770912,18.34530241397426,4.2016741790313,55.14881838232672,0
C_00320,L_020,24,8.40227208222207,3.304924482614815,17.881972820542774,4.222407093530036,57.93273696259566,0
C_00320,L_020,96,8.772040155410778,3.3019617519544253,17.817460815369223,4.190186825128472,59.35488853887597,0
C_00320,L_020,168,8.869438774979178,3.2794997199340123,18.494166713484486,4.163282597839937,61.54435729776155,0
C_00321,L_001,0,8.802356812163868,3.289367870070047,18.063492921972962,4.222857969020654,52.41730352245164,0
C_00321,L_001,24,8.628464222058696,3.324934614592659,18.233581820814816,4.272578102744149,57.01421201019581,0
C_00321,L_001,96,9.353087803422948,3.3225269710059413,17.18741244340428,4.313015535706943,60.198221622854085,0
C_00321,L_001,168,9.688939629252342,3.3006698360779856,18.477490615921162,4.187460843565368,62.310787069827335,0
C_00322,L_002,0,8.881981450297774,3.323398566032539,17.02616540783712,4.196577092808456,56.894803733907864,0
C_00322,L_002,24,8.939992750548917,3.324028930342946,17.835343089688145,4.204094341344242,56.6355191049271,0
C_00322,L_002,96,8.779740708450777,3.3147337625409583,17.8497518283029,4.172078703589285,60.98890068872656,0
C_00322,L_002,168,9.701008624177668,3.325978595787104,17.939199136092018,4.250029638550438,63.40385306913117,0
C_00323,L_003,0,8.873305403310072,3.3209463337217033,17.981033933829288,4.158152711210777,54.16830333761415,0
C_00323,L_003,24,9.242087911903,3.2863305394433944,18.14867449004519,4.251731133425622,54.1210217402462,0
C_00323,L_003,96,9.398365686874026,3.2957326463445282,18.170884294032582,4.2581378285082465,58.00071919920439,0
C_00323,L_003,168,9.823186210974063,3.3257880943748424,17.91613032121945,4.209502120284275,61.40465782240511,0
C_00324,L_004,0,8.788945053041665,3.2754506923596085,18.445619923967225,4.2466713264876095,55.698823128840544,0
C_00324,L_004,24,8.535204543053762,3.2971313573499974,18.087482644623257,4.156358847631385,56.366156615285504,0
C_00324,L_004,96,8.89917982830193,3.3151823056246608,18.074679891705923,4.142740101978859,59.139262895136156,0
C_00324,L_004,168,9.491408527361983,3.31291035706886,17.823810404810057,4.182940823970279,63.421757833898376,0
C_00325,L_005,0,7.897041285255998,3.2952320030547972,17.809506202951567,4.185943869279781,55.02259011589726,0
C_00325,L_005,24,7.8091806609976535,3.286050699786345,19.482234348765665,4.21898338924128,59.152126885465464,0
C_00325,L_005,96,8.33210216534662,3.277249027769971,18.409077678512293,4.200132937396602,57.915451772344134,0
C_00325,L_005,168,8.702575443383063,3.314160033816481,18.43784524685214,4.2323967871807975,62.472244980612714,0
C_00326,L_006,0,8.138141681177991,3.3450410651086626,18.38271924144086,4.208479301990865,56.45105847122135,0
C_00326,L_006,24,8.25580002977414,3.268719030360125,17.959467511886128,4.210990316556504,56.444640980078525,0
C_00326,L_006,96,8.643504749572216,3.3005326872588774,18.348161350994445,4.235095923814058,59.072126425908735,0
C_00326,L_006,168,8.688250105416412,3.344768068467029,17.936149050642985,4.211764541852195,63.20058394510181,0
C_00327,L_007,0,8.449723383579922,3.3111098350894417,17.951624930506174,4.22476471940055,56.85286965760063,0
C_00327,L_007,24,8.248377743264284,3.308452648037658,17.80147901387455,4.212233427702995,56.2314135209804,0
C_00327,L_007,96,8.638293740344906,3.2845215760631095,18.319561358794445,4.172318968853409,59.81649368217453,0
C_00327,L_007,168,8.681706133828287,3.2731987056906577,18.45704802752355,4.176237900952408,62.31292001805451,0
C_00328,L_008,0,7.931892880490472,3.2746992749770865,18.37482804343021,4.233869449767643,54.31530075777562,0
C_00328,L_008,24,8.198104134539578,3.3018397277754867,17.764030499877908,4.169544084876216,57.02959222780528,0
C_00328,L_008,96,8.645784139323473,3.282667394319989,18.01792429570041,4.196566824852028,61.11931520354258,0
C_00328,L_008,168,8.946867223152537,3.28961268339402,17.57135850016694,4.1558346978343295,61.6461471531531,0
C_00329,L_009,0,7.217783404026813,3.3162684856914306,17.970504056197665,4.223075412423946,54.8978860354901,0
C_00329,L_009,24,7.311202853850688,3.3028529392784653,17.431796469591756,4.223720397968323,55.923364194631894,0
C_00329,L_009,96,7.850805317959798,3.291538606343952,18.47814008233946,4.163666501027897,58.44684952361281,0
C_00329,L_009,168,7.986731188612331,3.3292624273356686,18.749974008741717,4.2166546465472345,62.186676359125414,0
C_00330,L_010,0,9.601829362098053,3.310505012671581,16.9462381316146,4.155136359533875,56.318521146835565,0
C_00330,L_010,24,9.64111827330183,3.3106737402697295,18.407906154365563,4.182090049434127,56.70286930055406,0
C_00330,L_010,96,10.109809651285653,3.275854692020395,17.954453898892837,4.2126550535669525,58.40868502461953,0
C_00330,L_010,168,10.814353880814718,3.2820149045078253,18.62614493066489,4.173350430547515,62.632787852283826,0
C_00331,L_011,0,8.475297877373043,3.3138767430017833,18.189530587648903,4.1784024328562905,56.35762858270398,0
C_00331,L_011,24,9.814985181023472,3.3117925166265656,18.61200322772466,4.229029056270885,56.88199706743484,0
C_00331,L_011,96,12.348953904516064,3.2745810106290367,19.163122305257417,4.295049099818969,57.8182566426024,0
C_00331,L_011,168,14.919258997850857,3.3288145644725344,20.07354534872093,4.197103234232412,62.69608606840943,1
C_00332,L_012,0,9.487254648168388,3.290088352948837,18.69293316893861,4.175752522094635,53.12608354584817,0
C_00332,L_012,24,10.323240437878088,3.2787264194047108,17.91305414065881,4.217687868108635,58.83289973989969,0
C_00332,L_012,96,11.895102705845492,3.29437699281235,17.889719592782985,4.210528964279754,64.25689938264927,0
C_00332,L_012,168,13.718782977257597,3.2850293413635803,17.75017272404261,4.210256496447006,73.08551765869427,1
C_00333,L_013,0,8.172012536373407,3.2817383435272762,17.874032478208715,4.165755392518776,55.38872757050322,0
C_00333,L_013,24,8.589130277091753,3.3044192419556473,17.782546181415544,4.344368843185082,58.09789476062782,0
C_00333,L_013,96,8.816364558823109,3.276574789285106,17.875168386859727,4.6776033373479,58.113124414265286,0
C_00333,L_013,168,9.37163485877176,3.3207599437276882,18.593567701161852,5.270508850786837,61.64639614986777,1
C_00334,L_014,0,9.22250522589608,3.3016141993596846,19.12231026737186,4.18539608095957,53.755298864481254,0
C_00334,L_014,24,9.079729347482457,3.333401214931467,18.763511281754603,4.161224860015629,58.51033216859372,0
C_00334,L_014,96,9.19759762785964,3.269251387793544,,4.200706293761468,58.98943087747953,0
C_00334,L_014,168,9.759238951458245,3.253565329157127,18.579044701780674,4.201036233466403,63.062839587828165,0
C_00335,L_015,0,8.913806584565554,3.2469090635239266,18.0257074260541,4.208028274326464,56.64495587291661,0
C_00335,L_015,24,9.088599922065942,3.2909745391318426,17.39576072282287,4.2290022529432285,54.901744111889,0
C_00335,L_015,96,9.377015415319885,3.2884355288178226,18.555965368858867,4.206934782100493,58.89495839035121,0
C_00335,L_015,168,9.758961235887549,3.3115716705563725,18.6071931218028,4.24091443269946,63.094919784654984,0
C_00336,L_016,0,8.898105483228553,3.294875315160022,17.67336118087805,4.15741851900976,53.34370882802661,0
C_00336,L_016,24,8.944060911705579,3.293586861066435,17.9687581349315,4.170420706097635,53.89624625381246,0
C_00336,L_016,96,9.500234006112189,3.327264339684346,17.927268406188823,4.236424663827497,59.66613882664844,0
C_00336,L_016,168,9.71783916581774,3.2977335456065706,17.443969155302092,4.210675166471323,63.24385651475363,0
C_00337,L_017,0,8.071054756488817,3.3143103895640795,18.40841800618905,4.169433289684632,53.38917479504056,0
C_00337,L_017,24,8.210703119231983,3.338678156988569,17.333401472662437,4.165698755340015,56.16415830950576,0
C_00337,L_017,96,8.455843861503968,3.252725154752418,17.737852435493327,4.097816499712855,62.93678356271187,0
C_00337,L_017,168,8.978207337974267,3.277208440595781,17.788174234986823,4.251946166214756,63.28910485494738,0
C_00338,L_018,0,7.244428903863724,3.29265332756316,17.431312356267064,4.208572539436861,54.72626178194123,0
C_00338,L_018,24,7.528249668786845,3.305009987512007,18.09301053262321,4.144290562961653,55.96377744064116,0
C_00338,L_018,96,7.518478043151545,3.2958350423087595,18.471718969375864,4.179794006310753,60.16253843340242,0
C_00338,L_018,168,7.986678165014946,3.318819610934109,17.55872063515466,4.127548270174922,64.6214211941508,0
C_00339,L_019,0,9.586425661857966,3.2784610279780546,17.809130133796074,4.22099561457268,54.10576303501424,0
C_00339,L_019,24,9.47215711150782,3.327228429597834,18.09499983462951,4.252039910615805,54.80653374491929,0
C_00339,L_019,96,9.843294281198384,3.2415814655910653,17.50240246715311,4.239104793066809,60.93175140103577,0
C_00339,L_019,168,10.133134420822243,3.3084620153422257,18.66130681309268,4.191999212141823,61.13969829565765,0
C_00340,L_020,0,8.156794174710512,3.326231708722145,17.640385275137188,4.204806437335162,55.42109556377212,0
C_00340,L_020,24,8.209014419304875,3.320992748413999,18.06703134355906,4.233696685668948,56.67711239515357,0
C_00340,L_020,96,8.638302312293993,3.2841902060787658,17.71615273266395,4.25754728776858,59.80435350108717,0
C_00340,L_020,168,8.675908923844618,3.3045215856163708,16.931800775909057,4.192042393452023,63.7626125334244,0
C_00341,L_001,0,8.479770749260295,3.290193659546596,18.152222500722246,4.2186115950159335,55.141495203599234,0
C_00341,L_001,24,9.088628996687167,3.2958586046843963,17.400547156765562,4.193961995575929,57.29768399645838,0
C_00341,L_001,96,9.105126825558763,3.2728705157472353,18.678908208511785,4.197748980510898,58.05753849655121,0
C_00341,L_001,168,9.656582177025442,3.2552362245137023,18.42125090621837,4.128112074405776,63.263852835628036,0
C_00342,L_002,0,7.845880597430644,3.2540509629236256,17.639508018449053,4.170049680495214,55.27658757211583,0
C_00342,L_002,24,8.245232839905547,3.2696599305465215,18.135440673497172,4.208474738631574,55.215144948671046,0
C_00342,L_002,96,8.328590059022542,3.3197782741799386,17.922500937857656,4.225947129634821,60.723974664394575,0
C_00342,L_002,168,8.159595244469804,3.309438671339146,18.194032406717653,4.234020093326075,61.19647069530331,0
C_00343,L_003,0,8.088305463212752,3.3148659056251017,18.7734330718871,4.187318815208407,54.448146621115576,0
C_00343,L_003,24,7.886777517032332,3.3388091751665616,18.189634908171843,4.220265301378629,55.35902565538216,0
C_00343,L_003,96,8.646641079306715,3.267441964872499,17.91184339125316,4.169580132217483,63.311473661017274,0
C_00343,L_003,168,8.947356237063442,3.2853243902233236,17.37302287259007,4.278700065346892,62.524957926500676,0
C_00344,L_004,0,8.688985740579765,3.306892268318551,18.308249132745072,4.205357389750346,55.90916539541889,0
C_00344,L_004,24,8.835244148658315,3.30406796837582,17.90082247792675,4.263358769201014,56.947122891247055,0
C_00344,L_004,96,9.05659129275756,3.3103477102684766,17.725698966481364,4.176258533158969,58.99794672370045,0
C_00344,L_004,168,9.18402672128935,3.2635467359590282,17.706827212866326,4.225648919385383,62.57537757495618,0
C_00345,L_005,0,9.411595177560338,3.2860462053526067,18.203886033609493,4.199434589631575,51.88055860195571,0
C_00345,L_005,24,9.409926847323762,3.2994393922932552,18.60498223744061,4.201356449659454,55.91163199155295,0
C_00345,L_005,96,9.994018642567946,3.316676138689591,17.196021530941646,4.253236734817893,60.87407193124601,0
C_00345,L_005,168,10.350172805667968,3.2756866791689894,17.466716680513535,4.2940555494732475,62.4505184470373,0
C_00346,L_006,0,7.679490242708489,3.2988792778917446,17.41450747656091,4.199449824815631,55.142104385723826,0
C_00346,L_006,24,7.812546053201588,3.323132489099239,18.114385804450947,4.142856037187636,54.843568766181995,0
C_00346,L_006,96,8.268290227928821,3.2864453682897663,18.336004336759018,4.201883155092349,60.59321432372521,0
C_00346,L_006,168,8.988016182027753,3.299567813927725,17.963376657983,4.198795793130777,61.60120639211314,0
C_00347,L_007,0,9.143814038479036,3.33316936501137,18.3744594726557,4.189799373893606,53.14602416942608,0
C_00347,L_007,24,9.492343284345262,3.2933352659091346,17.925340565204515,4.215315566420675,57.79076331282572,0
C_00347,L_007,96,9.633737591560035,3.307712834115332,17.240865192626156,4.200998615668714,58.57316423183199,0
C_00347,L_007,168,10.09319191997224,3.253887575154724,17.82832229113333,4.195729814105416,62.63633257756118,0
C_00348,L_008,0,9.24624808348827,3.289744425145262,18.107846413451533,4.185837247625222,57.155313574782845,0
C_00348,L_008,24,8.995188875642645,3.2794076005857167,18.205060463349714,4.251173115091802,57.17413245144565,0
C_00348,L_008,96,9.806193650783031,3.2964966217892995,17.152256267128276,4.088502314895855,56.92906625606153,0
C_00348,L_008,168,9.87904632572231,3.2983525490547776,18.28494019561919,4.1930205128975615,61.16473672103007,0
C_00349,L_009,0,7.73591072057963,3.28027088251819,18.405651015150912,4.175144129131039,55.040332344293894,0
C_00349,L_009,24,7.676359844486085,3.326871004392565,17.940241596176705,4.1743623170200665,55.09919630806726,0
C_00349,L_009,96,8.398541149489247,3.3052420658577235,18.555229107389444,4.250014546594421,60.68275787196682,0
C_00349,L_009,168,8.25649666089229,3.2679363842574003,17.907775980137263,4.189952385234971,62.27323229801,0
C_00350,L_010,0,8.29878171350474,3.297012702239,17.161032061010076,4.170155177404061,54.655483830165316,0
C_00350,L_010,24,8.320740933345446,3.3125829341013544,18.115446699834376,4.170646681410882,54.31957791978724,0
C_00350,L_010,96,8.41368031470535,3.2715443637562434,18.33386846386902,4.24129253872038,59.86765328638603,0
C_00350,L_010,168,8.610288920812923,3.329484057817327,17.77788798690237,4.241140052861541,64.13867457730021,0
C_00351,L_011,0,8.088016758168282,3.3022772491696255,17.815477672186272,4.270247522723405,52.09458657113297,0
C_00351,L_011,24,8.131329873064136,3.2773781847503534,17.74630035945204,4.243399379660485,54.74789784046681,0
C_00351,L_011,96,8.37787190271597,3.28192481143192,17.47929210813274,4.260822844032202,61.34506672462093,0
C_00351,L_011,168,8.756177925621936,3.265097520092328,17.412001845544687,4.221825178015384,64.34520528829957,0
C_00352,L_012,0,9.190829803032878,3.2945622698342425,18.670337140855782,4.225961845158228,54.61442810735454,0
C_00352,L_012,24,8.880099223843228,3.2967826440363823,17.57136979435792,4.16334813623042,54.84172162185472,0
C_00352,L_012,96,8.856585686303866,3.326960901910217,17.803581984735743,4.207545855376102,61.37955088197084,0
C_00352,L_012,168,9.024500577927792,3.314197607837363,17.079106635203228,4.232588295536585,63.67421330188629,0
C_00353,L_013,0,6.914042067890363,3.267539738025951,17.473651021757917,4.172453118387095,56.02509158238219,0
C_00353,L_013,24,6.511733213570479,3.299669410603786,18.140143218210028,4.190821369908018,56.366316177686905,0
C_00353,L_013,96,7.144108361212535,3.2864586435150276,17.12871478788323,4.213907951834262,60.20181373309223,0
C_00353,L_013,168,7.226093165174212,3.311978105449077,18.63780002254546,4.21347759506232,61.856309561724025,0
C_00354,L_014,0,8.922062316730221,3.3307306895156543,17.75679368578706,4.190334495313506,55.294628297194045,0
C_00354,L_014,24,8.971860205038878,3.272278965467818,19.148234972980553,4.158999146609388,57.4134345034165,0
C_00354,L_014,96,9.217572862227938,3.3066904377257775,17.91461533319712,4.201181013750377,59.49378847356914,0
C_00354,L_014,168,9.121043606070296,3.3537554803605683,17.90100408702898,4.238877239712924,62.71808176045445,0
C_00355,L_015,0,8.046770757784811,3.2959844714969804,17.816846555556257,4.246860980367392,54.45346760479642,0
C_00355,L_015,24,8.30995073901194,3.277538988331148,18.649138677305313,4.16736651934867,54.70681700175573,0
C_00355,L_015,96,8.852748990231705,3.2963469272146146,17.38043504957679,4.154005274220881,60.246188385099934,0
C_00355,L_015,168,8.715495695681467,3.3098006652764975,18.051457099419267,4.230085299372441,64.0317168777553,0
C_00356,L_016,0,9.033796249630194,3.28426638473589,16.762433178597682,4.225950211915355,53.82936618518231,0
C_00356,L_016,24,9.062797374114545,3.334820546232924,18.007543105767876,4.241973490409398,54.89934359717462,0
C_00356,L_016,96,9.48526084695545,3.273447322281072,17.99630325881258,4.235497892773088,59.75598578807201,0
C_00356,L_016,168,9.627733639085967,3.2891990115122303,18.931217018233,4.29988790017089,62.77150589158794,0
C_00357,L_017,0,8.573754865544982,3.267199999635555,18.565388511235934,4.210959538914921,56.43000572274956,0
C_00357,L_017,24,8.91432581849358,3.240348963190898,17.91424695849435,4.172020987575128,55.871050847681396,0
C_00357,L_017,96,9.46604884393168,3.3144170058532474,18.177956391959615,4.1486775586226186,60.67311453176667,0
C_00357,L_017,168,9.774854613864356,3.3311298163442182,18.95319441559359,4.147297573057135,63.70877169599625,0
C_00358,L_018,0,8.335478556546498,3.2941479481729963,18.46242196263053,4.155943431552769,55.20700862606209,0
C_00358,L_018,24,8.223961039766946,3.2909918103143503,17.44713440283967,4.200199997590887,54.893511381986016,0
C_00358,L_018,96,8.49251496753679,3.3218441563514047,17.97322476227097,4.2510773231327015,59.37284033787153,0
C_00358,L_018,168,8.855498707667014,3.285930439882957,17.996829056759033,4.243489252245282,62.76594017855468,0
C_00359,L_019,0,8.468695139204788,3.2855023543172015,18.383255942953074,4.202439061697347,54.02470364674511,0
C_00359,L_019,24,8.241596409959653,3.263095580667203,17.722702239310994,4.146758419221485,57.96800162292642,0
C_00359,L_019,96,8.912995427392046,3.2998955301646835,17.784143560483084,4.1930929246792115,57.91214669811464,0
C_00359,L_019,168,9.449970430540555,3.2816123573089238,17.405039745862517,4.246842024699453,62.28331480280839,0
C_00360,L_020,0,8.63624821601275,3.3270549332649826,17.7653988755091,4.170283169283639,54.36855323344704,0
C_00360,L_020,24,8.758446849570012,3.2647347474822266,17.492203963662874,4.100685656944937,57.03249697997423,0
C_00360,L_020,96,9.12082313164801,3.295946239475618,17.238850156034164,4.164647334447856,60.28589279620313,0
C_00360,L_020,168,9.559919140452772,3.3029459018879406,18.262560656984316,4.305784502771408,62.42644930491892,0
C_00361,L_001,0,8.034497742282788,3.2911924588322465,17.28102522695659,4.200586926686764,54.00403266762427,0
C_00361,L_001,24,8.9071573052359,3.343400628646504,18.115240086245436,4.13663808502509,55.20631219344675,0
C_00361,L_001,96,11.896589797214773,3.327254150842266,19.098543977966305,4.186935520960917,60.64923472003732,0
C_00361,L_001,168,14.903334098618705,3.319212093433515,20.4596164875718,4.236144668862183,63.41379805137245,1
C_00362,L_002,0,8.626786934164791,3.3149793539194996,18.018978164613518,4.183455365905972,54.82881026408285,0
C_00362,L_002,24,9.24370303484127,3.341100907884122,17.98997702461449,4.214843584282973,59.10474820773857,0
C_00362,L_002,96,11.041959156269282,3.2965097525383555,18.150635208101757,4.235620446427533,64.81166134827795,0
C_00362,L_002,168,12.788694300864499,3.261458466385434,18.923408830693482,4.171298560649115,72.76236016187332,1
C_00363,L_003,0,9.49147210749543,3.279495138835478,18.716496811091574,4.203029134322737,54.78105290832656,0
C_00363,L_003,24,9.408269621011753,3.316468007175427,18.71045673293244,4.339748562495072,56.69587815841675,0
C_00363,L_003,96,9.578864422010193,3.3191024009837924,18.22010145130937,4.737256717092706,61.64708392032765,0
C_00363,L_003,168,9.922790321394745,3.2786701955930786,18.161101095387355,5.22085158184434,63.2565716455648,1
C_00364,L_004,0,8.278003205060608,3.3034958523753746,17.7102386044363,4.3062723796588,54.89198768929165,0
C_00364,L_004,24,8.336778019135947,3.287356447385576,18.918222036446043,4.149337471143758,54.451657248298766,0
C_00364,L_004,96,8.78026557320613,3.3083400576168636,,4.257204602961313,60.082535329011904,0
C_00364,L_004,168,9.064001910866276,3.2533974491961963,18.044591853834866,4.1832404228867235,62.45885180817586,0
C_00365,L_005,0,7.974149936624029,3.3037071151697894,17.448072483139853,4.166014358594564,55.48584674406289,0
C_00365,L_005,24,8.428895556532657,3.3287300784417635,18.701877209625582,4.171229308857267,57.52853566591134,0
C_00365,L_005,96,8.1898933814777,3.3186525083636225,17.777998028430012,4.171359422865857,61.37019456635762,0
C_00365,L_005,168,8.75438974744206,3.3228817096661634,18.096686950002656,4.22027829205317,63.73736384076533,0
C_00366,L_006,0,8.830526512989861,3.321069595612659,17.267756487052306,4.1947490609965445,55.64962700750318,0
C_00366,L_006,24,8.959823622619334,3.3410482543963425,17.786661848123863,4.207232938354746,54.48224135024244,0
C_00366,L_006,96,8.886459080114044,3.286947237946395,18.164032046672784,4.092691639545138,60.47921262933453,0
C_00366,L_006,168,9.805435591422215,3.325074922511268,18.168443202316546,4.250287905597727,61.827829808310035,0
C_00367,L_007,0,8.611419247021,3.2841907403396045,18.56856750488204,4.260862376380088,54.621215549391266,0
C_00367,L_007,24,8.63928490446723,3.2761556490158728,18.574638147337573,4.223899145246514,57.798752503693635,0
C_00367,L_007,96,8.965205258701781,3.3106415953159187,17.51162487315213,4.2339339228145905,59.96572978125694,0
C_00367,L_007,168,9.739361784318,3.317713101352745,17.378090302670497,4.222893205237841,64.65466403952745,0
C_00368,L_008,0,10.207211604164575,3.3154283480518396,19.116070346018297,4.170685224670857,54.92898211250774,0
C_00368,L_008,24,10.257972735336368,3.2701030342932116,17.91145440503211,4.199516995348475,54.95515019996816,0
C_00368,L_008,96,10.402757199267493,3.3114266228544214,17.81890610494425,4.257171589334707,60.814615939491674,0
C_00368,L_008,168,10.671178550965985,3.3024918051886707,17.415961663053526,4.189500742027314,67.83098885127272,0
C_00369,L_009,0,8.640445730062199,3.3311791729342306,17.928525277589287,4.151668802213366,54.980706598567785,0
C_00369,L_009,24,8.393625543627198,3.256837489359941,18.320593553321867,4.243170324512196,57.74769831434004,0
C_00369,L_009,96,8.50019290710639,3.297238649717307,18.330529910088877,4.187941565186462,56.66033848550697,0
C_00369,L_009,168,9.025660637472834,3.288291940667146,18.243924592746914,4.170539373801017,62.001429717631275,0
C_00370,L_010,0,7.704408918517038,3.286685174976964,17.642202613884116,4.254428755501636,55.30302389238066,0
C_00370,L_010,24,7.876864200856847,3.3330126176870594,18.387040281419733,4.174630556462439,54.31530662606378,0
C_00370,L_010,96,7.953494394074094,3.2676240080792147,17.56723770056088,4.234360800231791,58.591599967358135,0
C_00370,L_010,168,8.142084124446916,3.3169030483825015,18.204436487582914,4.275395450183084,63.77921893706899,0
C_00371,L_011,0,9.07478274905276,3.2678220710858055,17.945214994300088,4.198440689270899,55.57249310911625,0
C_00371,L_011,24,9.122754540455114,3.3158594913623936,18.176515684682016,4.195065101894004,55.85035720653481,0
C_00371,L_011,96,9.673726753418743,3.3087433204153456,17.541623763720267,4.200823926905444,58.68855247561442,0
C_00371,L_011,168,9.915978283725673,3.295040501435035,17.741489872340097,4.278384007592141,60.90804038675117,0
C_00372,L_012,0,7.899600338989525,3.2992115304475558,17.489669112259502,4.145517512936622,57.624049793118246,0
C_00372,L_012,24,7.6962732760070764,3.2820113272760465,17.85315894503794,4.19805297342743,55.64899510890812,0
C_00372,L_012,96,7.939853963981516,3.2829439050966736,17.928147562729883,4.200752020834498,60.153682908602924,0
C_00372,L_012,168,8.547185545548224,3.2596602547010143,18.188181612714043,4.236826548909759,65.20370844889611,0
C_00373,L_013,0,8.249831275784057,3.3165193051603983,18.090022738078773,4.224032421961191,57.10966563437616,0
C_00373,L_013,24,8.603838331059343,3.2860333943239115,18.497696523807583,4.176898879141093,58.191086651857944,0
C_00373,L_013,96,8.450987146166943,3.274167969316581,18.023124001696285,4.2232948969146635,59.767698185102894,0
C_00373,L_013,168,8.95425278338573,3.2795142755850426,18.575859607052024,4.20092142284702,60.957131252770765,0
C_00374,L_014,0,7.986874536772972,3.300013255188327,17.93174551960802,4.223672040757241,53.90051799870553,0
C_00374,L_014,24,7.621870834152227,3.310208789486041,17.505148181396034,4.158142450992879,54.93692021581679,0
C_00374,L_014,96,8.234792274297517,3.268654261438677,17.7213887806764,4.172422166333576,60.57553580889363,0
C_00374,L_014,168,8.589724853852164,3.289478878849868,18.25928761020457,4.160752552562767,65.13158315764869,0
C_00375,L_015,0,8.071605051574934,3.3062003377678555,18.035251406978908,4.193456903919108,55.542676898975095,0
C_00375,L_015,24,8.112882807198948,3.3057984377157146,18.184867015139755,4.210077223835611,55.787482432228074,0
C_00375,L_015,96,8.311191841415962,3.3099720451487014,18.662252985301894,4.214668047033779,58.157112111427296,0
C_00375,L_015,168,8.83276850694222,3.2715794644371643,18.589024420441408,4.222463765780321,62.505997905027606,0
C_00376,L_016,0,8.342480546579646,3.2949439977638235,18.069914585752016,4.222949058266052,54.36755652152366,0
C_00376,L_016,24,8.233115784377128,3.306860889234855,17.300664530540722,4.212250716693962,55.25393721833969,0
C_00376,L_016,96,8.49724640221423,3.300890742837264,18.11662644282754,4.262065157598475,59.5165140934968,0
C_00376,L_016,168,8.687869438403832,3.316665465724071,18.21641664047756,4.233376222133683,61.58459110549787,0
C_00377,L_017,0,10.462231080377885,3.2751771906525677,17.858557156844864,4.228478406853736,56.35712535550603,0
C_00377,L_017,24,10.742136037741764,3.2946413903300718,17.83178882153416,4.194948567371126,56.63105056865216,0
C_00377,L_017,96,11.277021948292523,3.274843958758219,18.343054151744152,4.18254257934118,60.44079911162682,0
C_00377,L_017,168,11.54727739776648,3.3391447137309744,17.811866416958484,4.222144473635791,63.562705982209266,0
C_00378,L_018,0,8.981629931059434,3.2871546629148507,17.80212464933254,4.244480583925472,54.912571533487665,0
C_00378,L_018,24,9.208357963191034,3.3078648750507784,17.37135894790117,4.222909634679915,55.42459626114474,0
C_00378,L_018,96,9.449829075435508,3.2873202089217286,18.003765263965402,4.156800230586375,57.875212719719336,0
C_00378,L_018,168,9.733991623656127,3.2798258642994345,17.726774811235195,4.233184840942699,63.14685878832578,0
C_00379,L_019,0,9.050872453591557,3.317422966561324,17.93540679900209,4.125785859657911,57.418487636539325,0
C_00379,L_019,24,8.874268337596042,3.3135982923545835,17.90153951838177,4.211664432307512,56.95252361635743,0
C_00379,L_019,96,9.192400260734042,3.270290524013558,19.010506241402634,4.298089373970909,58.641432913737475,0
C_00379,L_019,168,9.32720453686548,3.2978862910441586,18.524946017586245,4.2111529400689545,64.95923950255981,0
C_00380,L_020,0,7.541896681050307,3.269370393566721,17.73620969553946,4.1271541766045,56.35458935550701,0
C_00380,L_020,24,7.394894436533064,3.307170771753667,17.62033799349914,4.145074719342879,57.27695416599872,0
C_00380,L_020,96,8.031263151633441,3.320954727635634,17.42957762907208,4.178278842752476,59.85745468336285,0
C_00380,L_020,168,8.106021628591572,3.3449548102494626,18.93761920984485,4.218709048208958,60.13482934981093,0
C_00381,L_001,0,7.680729840297473,3.3059408466760423,17.99425977728344,4.177247493196686,56.04828904298364,0
C_00381,L_001,24,7.910117703291771,3.275577796590314,18.203278205530584,4.18327969875689,55.5114258476669,0
C_00381,L_001,96,8.358433455867537,3.295795198869326,18.413911953086398,4.136890114336076,59.72426933700645,0
C_00381,L_001,168,8.366304393319709,3.3480832669801615,17.11802156253305,4.211151605524289,62.43556438363129,0
C_00382,L_002,0,9.444395212951381,3.304612713843069,18.704596713954487,4.217938952402929,54.74459342748919,0
C_00382,L_002,24,9.403028209591202,3.2814868647187425,17.898424563141162,4.1557787334081535,57.73618461747421,0
C_00382,L_002,96,9.647814208407857,3.283205277500563,18.22439628432945,4.162822797452457,60.151642606880685,0
C_00382,L_002,168,9.880614093572165,3.3289774111023545,17.823268089796695,4.240276386662317,63.92460265662695,0
C_00383,L_003,0,8.20628212741925,3.325219838481053,17.96054268489394,4.231580643094193,55.13193627057715,0
C_00383,L_003,24,8.49387822480723,3.2771301148706176,18.294909795652053,4.1900128959664364,56.97115291509977,0
C_00383,L_003,96,8.983129210918639,3.325585244436207,18.190487017894096,4.220090428319995,60.695143706788365,0
C_00383,L_003,168,9.439176140409767,3.3298213178738174,17.975603043601506,4.236246977747354,62.55118656151167,0
C_00384,L_004,0,8.643763458961912,3.3019850953798926,18.096504339571215,4.171925179857961,57.06809290832596,0
C_00384,L_004,24,8.588473458157617,3.321265339739228,18.337149403609914,4.157772494906677,55.935291287339204,0
C_00384,L_004,96,8.832792003183123,3.2753252161080613,18.601373131844365,4.267102588440947,60.74380784824293,0
C_00384,L_004,168,9.292343522886243,3.3191862302186106,18.628097468765514,4.244122741017269,63.31649637880879,0
C_00385,L_005,0,7.3889038488439045,3.2742593731910645,18.227166043681837,4.188869598465297,56.27878826737605,0
C_00385,L_005,24,7.764337273440995,3.2858389528000798,17.49775140329205,4.217575595857737,56.5388515676559,0
C_00385,L_005,96,8.106538792096455,3.2664168390759434,17.886517773986412,4.237169504213029,58.9313631450962,0
C_00385,L_005,168,8.38805462456115,3.2707933907670483,18.007093660388307,4.237441311880776,63.72711900917616,0
C_00386,L_006,0,8.979046582964465,3.3051286171827257,17.26508342888162,4.208128013524026,55.35738933098392,0
C_00386,L_006,24,8.563554895773748,3.3007431165457253,17.89814905513554,4.20597817551386,58.595605508312275,0
C_00386,L_006,96,9.260468131625188,3.30211958216002,18.574766800745422,4.20386520221997,59.8045311552131,0
C_00386,L_006,168,9.19480816918622,3.254572824271996,18.124101635366628,4.297160011538874,62.57983587123044,0
C_00387,L_007,0,8.716784823670842,3.3246160372083313,18.90391213813042,4.259517917431873,54.504362409982654,0
C_00387,L_007,24,8.8962868446806,3.305242972856683,17.660921706257284,4.144216156290751,57.10915069853077,0
C_00387,L_007,96,9.28650846547487,3.292700193464333,17.33875123287614,4.20707849340944,58.21927054211664,0
C_00387,L_007,168,9.454016384180404,3.290745524734498,17.855571149677644,4.1903345144030215,62.61788361064087,0
C_00388,L_008,0,9.104260556543993,3.3024031797348075,18.18189681120854,4.178441059668836,52.617041211146834,0
C_00388,L_008,24,9.142302696120716,3.2889605466163,18.697982132095063,4.189173767145849,55.04134857674635,0
C_00388,L_008,96,9.709046319121384,3.295130994331733,18.25027058933959,4.234423805906883,59.50760638936808,0
C_00388,L_008,168,9.435430215755728,3.3048460198602627,18.045150430426702,4.191960243910649,63.87768197246186,0
C_00389,L_009,0,8.752568405987923,3.3213957449526497,17.608870841071205,4.189579513832012,56.45281829075627,0
C_00389,L_009,24,9.14050715034603,3.2807283456976153,17.78238526075958,4.289397888897999,57.280276955878016,0
C_00389,L_009,96,9.72588389121783,3.3051714329318944,18.110781127046447,4.196351793065033,59.686942071151336,0
C_00389,L_009,168,10.166940375794685,3.274124944246478,17.841397251500805,4.251603140974969,64.13106616981227,0
C_00390,L_010,0,8.592937530399222,3.2887589477331964,18.095564937594574,4.151661008163831,56.21145058464328,0
C_00390,L_010,24,8.500830952738555,3.300785169689496,17.564905758721213,4.173503900153834,55.06828005028271,0
C_00390,L_010,96,8.812887757409658,3.2508090200827024,17.54479024669791,4.134053766658136,58.2933753274819,0
C_00390,L_010,168,8.658980716366166,3.3007932299633884,18.73778580708634,4.281937359250836,63.502824724629576,0
C_00391,L_011,0,7.021100215146979,3.297163251140248,18.552731020619905,4.223986354968814,53.81323444434346,0
C_00391,L_011,24,8.24395248925402,3.243907291702958,18.0183172478479,4.169187195354807,55.28468802867769,0
C_00391,L_011,96,10.7240823406976,3.2964632226595025,19.349947640023665,4.209467718210993,59.66541340151529,0
C_00391,L_011,168,13.431015963291006,3.292891204584886,20.680786725912153,4.248044941746111,63.64815716034987,1
C_00392,L_012,0,7.927284954586036,3.3451175549063983,17.39738026136719,4.186185415551811,56.394287875655905,0
C_00392,L_012,24,9.11518734391932,3.287416249278821,17.77462147956216,4.187312907545261,56.431200575177364,0
C_00392,L_012,96,10.448976788246041,3.2966778298844397,16.41185552113932,4.210857822011502,65.40043765518702,0
C_00392,L_012,168,12.481774515949102,3.332726523706985,17.915531372373692,4.247649163266958,73.02136794578396,1
C_00393,L_013,0,7.545656309425226,3.2953602830448987,18.630212601239002,4.207240221469234,54.313029041038504,0
C_00393,L_013,24,7.741051723146689,3.3261962776136995,17.706527983243376,4.354013146859569,57.9386429200712,0
C_00393,L_013,96,8.345657397574579,3.306268515497783,17.66736695798018,4.815212278083703,59.83144796581987,0
C_00393,L_013,168,8.472269543296822,3.254119198088874,18.224693805759205,5.201752784237914,65.07798791319047,1
C_00394,L_014,0,8.40483464598943,3.297497012076585,18.661389272093256,4.201202784164543,54.45232908420928,0
C_00394,L_014,24,8.358214599748607,3.30348074804149,17.49175739968906,4.139650717665891,54.660048845879196,0
C_00394,L_014,96,9.057416615438509,3.2907965866526534,,4.216096294339249,60.334071760549385,0
C_00394,L_014,168,9.403796062199461,3.234855285311819,17.891775468682923,4.2357161675271255,63.722903263162905,0
C_00395,L_015,0,8.287246928258078,3.3376979854308715,18.507143813526504,4.195257433881143,55.90083997801369,0
C_00395,L_015,24,7.86009218342666,3.2918374450777366,17.391028998280262,4.210992038822882,55.90520173798741,0
C_00395,L_015,96,8.799814966718376,3.3349167617987048,17.988178756647613,4.299788081048357,59.75487342477257,0
C_00395,L_015,168,8.740132388035212,3.285948203122247,17.83226398486148,4.238685086046135,63.27894173426388,0
C_00396,L_016,0,7.831263324461492,3.3202853845419926,18.28859462480941,4.246662685404159,54.80675166304469,0
C_00396,L_016,24,8.213892881424558,3.265900072850574,17.375227064554565,4.153590789699209,55.74562692552371,0
C_00396,L_016,96,8.470404528457266,3.284946447984009,17.785487967766002,4.199930710359055,59.58248260258708,0
C_00396,L_016,168,8.424542461094783,3.2866645760520874,17.39457213148904,4.192131155552915,63.68739374806518,0
C_00397,L_017,0,9.63672914214594,3.285369662448495,18.63898001076711,4.256144279116004,54.112174587702505,0
C_00397,L_017,24,9.260878981816331,3.357237515383644,18.174274225319046,4.189187376154034,56.210071094506745,0
C_00397,L_017,96,10.006216407472586,3.3327734587471607,17.701943495094046,4.221310365082405,60.718782069158635,0
C_00397,L_017,168,10.34892610610767,3.29942636575932,18.126454164969065,4.209146011046381,61.57695572370608,0
C_00398,L_018,0,8.697454552201606,3.2860832910272477,18.249093227236994,4.21728734498641,55.94851625762108,0
C_00398,L_018,24,8.22639793617139,3.267460066222235,17.648558121981793,4.11658266819998,56.152574516475774,0
C_00398,L_018,96,8.783003777196056,3.2992509737900217,17.014393881329475,4.135616594370613,61.26106544731531,0
C_00398,L_018,168,9.287137417497496,3.282533895103173,18.388709106485596,4.195803903693001,62.99719033417565,0
C_00399,L_019,0,8.534448598052823,3.335451763853119,18.02050101950112,4.243648203623446,54.584858043800146,0
C_00399,L_019,24,9.05784302306407,3.306840681863365,18.195654431796598,4.207408029600025,55.32055847079552,0
C_00399,L_019,96,9.24226131140866,3.2889352440502657,18.431795728190153,4.200449141888683,58.964858593032766,0
C_00399,L_019,168,9.378190496846345,3.256832046191989,18.278086840899274,4.168939827545062,61.20419132664732,0
C_00400,L_020,0,8.923972979695824,3.303957588427263,16.780621615748572,4.187054990366061,54.92234968610827,0
C_00400,L_020,24,9.25128370877021,3.342161440414562,17.386582268886634,4.188153845170347,56.652980903733265,0
C_00400,L_020,96,9.562530395596063,3.3253214052037134,18.15776454908843,4.215215223021837,57.692090794978974,0
C_00400,L_020,168,9.83990789637501,3.328951117416403,18.205505936902018,4.2010308680194335,64.65675732041937,0
C_00401,L_001,0,8.823762577022126,3.328332831738955,18.748852248946324,4.170024168763409,54.77123503648965,0
C_00401,L_001,24,9.085807801225172,3.312164974943715,17.764935138341418,4.277483682356619,55.82680513231958,0
C_00401,L_001,96,9.525246256141129,3.3439721020377937,17.797922268639933,4.205034153513738,60.077942890082774,0
C_00401,L_001,168,9.805531552763892,3.262776811901616,18.336532209386927,4.231799870002799,61.49601332517405,0
C_00402,L_002,0,7.96660818943284,3.305104196686313,18.314779412906436,4.128709036903711,55.91375969822679,0
C_00402,L_002,24,7.964490590359208,3.2970601379037117,17.476474003157147,4.259392720314458,56.964782749699566,0
C_00402,L_002,96,8.253098699212334,3.303333803539908,17.813833658990628,4.148387219424872,58.18288330644575,0
C_00402,L_002,168,8.47597409454497,3.2740939756854215,17.74115177831065,4.247088895686206,63.63097823898582,0
C_00403,L_003,0,8.84991237284608,3.309771325530464,18.661758182651077,4.249351616312543,54.81607145144532,0
C_00403,L_003,24,9.225124689189542,3.2868673249092892,18.870216479435555,4.145473675756292,56.69839595454961,0
C_00403,L_003,96,10.066116455563987,3.2892210188798616,17.46821019500792,4.269690275720349,58.19401909764811,0
C_00403,L_003,168,10.284954956350116,3.271355629102512,18.92133295373697,4.214021927250135,63.55326717377417,0
C_00404,L_004,0,9.280800243030486,3.336157872448348,18.65813279967899,4.1249233609551705,54.37491812600412,0
C_00404,L_004,24,9.497293106873574,3.2741669209265374,18.11778574262274,4.148158985503402,56.80259345603578,0
C_00404,L_004,96,9.813332883810771,3.2875052183960998,17.967834677852103,4.16794876209521,59.01168214585325,0
C_00404,L_004,168,10.48379552170585,3.3448640757095514,17.92796401391489,4.193048401508116,64.88781483464795,0
C_00405,L_005,0,9.770499464034636,3.269056854792568,18.320082608157144,4.2233338826465845,54.78604957361305,0
C_00405,L_005,24,9.894497588235753,3.332499458821939,17.950310144771215,4.167636044394575,57.666047524502545,0
C_00405,L_005,96,9.7396803095464,3.2643371730281547,18.254307618228975,4.273570870498523,62.103411068328604,0
C_00405,L_005,168,10.474556128933177,3.2501049318132007,17.775204767018487,4.14004208771427,63.227461015097,0
C_00406,L_006,0,9.063812207653115,3.3265456088004433,17.928464351296853,4.222806900164341,53.46661738476082,0
C_00406,L_006,24,8.984643658813372,3.2726323629278435,18.25420113309809,4.2266666847738605,56.78820294310486,0
C_00406,L_006,96,9.23599091810608,3.270787502163017,18.31065307261613,4.208516185362296,60.64425785513688,0
C_00406,L_006,168,9.283182979335871,3.2827435705402404,18.399979700484494,4.158275410656799,62.42071506681199,0
C_00407,L_007,0,7.934330344472221,3.2589789799188194,18.608106189938617,4.253976808679347,56.9365010178868,0
C_00407,L_007,24,7.373447269951925,3.298194459441319,18.50509098418492,4.265793335934865,54.73404715162997,0
C_00407,L_007,96,8.390915736569951,3.2443016901045825,17.83437722377682,4.1918830018027995,58.52643585419507,0
C_00407,L_007,168,8.557503680671111,3.3238555913858345,17.392252478064346,4.2495047612719565,64.38280442990916,0
C_00408,L_008,0,8.998167450219183,3.2954975174755186,17.421668058395305,4.1916731228516495,52.51958340543798,0
C_00408,L_008,24,8.843248941205214,3.2612003461718477,18.84850060660385,4.242311575902373,56.579706440192986,0
C_00408,L_008,96,8.945543403912755,3.308987184867829,17.49167037191685,4.2214784860329075,59.16897562942041,0
C_00408,L_008,168,9.126462580912829,3.2707857125035784,17.49686220795298,4.2808289045447285,61.40312107576708,0
C_00409,L_009,0,8.4039978094654,3.3115303029676086,18.087361319676376,4.113838807145852,52.58634416670241,0
C_00409,L_009,24,8.686637534612334,3.3320940499549674,17.705145996477746,4.11246010833743,56.39142264284564,0
C_00409,L_009,96,8.750781714899654,3.318417721944499,16.777468535222106,4.190637170168524,58.37530366926238,0
C_00409,L_009,168,9.277148137128652,3.3224079204044106,17.26119074990201,4.150920419471747,64.7109545682927,0
C_00410,L_010,0,9.289802211432404,3.3025195432237555,17.48432809424696,4.247474817956226,55.12392923465097,0
C_00410,L_010,24,9.69591451517007,3.284126340363461,16.859853751277402,4.134764292561163,59.41625399469895,0
C_00410,L_010,96,9.776756808777465,3.290729127957837,18.29489668856063,4.267863020545901,61.437262768661135,0
C_00410,L_010,168,10.242377519082318,3.301790525712767,17.71756298251235,4.1920472318682815,62.76049569460339,0
C_00411,L_011,0,8.867308869268088,3.3287786387023455,17.517921670474593,4.221006291601211,57.5579263678703,0
C_00411,L_011,24,8.971471064358752,3.3172128649528707,18.022440979800663,4.298435886001849,55.275279526935876,0
C_00411,L_011,96,9.448113820949587,3.31910715480925,18.79351236797852,4.1510926566726605,61.285004294358714,0
C_00411,L_011,168,9.393705868955413,3.2858915220233316,18.25262659982775,4.264328806620429,64.6443397415887,0
C_00412,L_012,0,7.673950476977398,3.3213508015308797,19.546167427193033,4.2167728283410355,55.11703848700157,0
C_00412,L_012,24,7.550813063489792,3.2918686521603595,17.576887551287044,4.220844848821875,55.26062141706237,0
C_00412,L_012,96,7.930878901736871,3.3496238753445944,17.669048706342046,4.203794185855502,60.11385453436964,0
C_00412,L_012,168,8.404883674976487,3.33193941303858,18.192823415546957,4.257036508031519,63.76699519906778,0
C_00413,L_013,0,8.336743881036078,3.258289100194286,17.59176759797952,4.2329256387746925,56.085674980187676,0
C_00413,L_013,24,8.279373692024087,3.326495110623284,17.740631138602303,4.184935257138381,52.96121976699947,0
C_00413,L_013,96,8.476099002675761,3.2876857874509557,17.692721426490515,4.179064301460049,58.28246375474068,0
C_00413,L_013,168,8.898183610894542,3.3468532974965264,17.822616685597346,4.228766008647674,62.67479425813393,0
C_00414,L_014,0,7.858335998860591,3.269825043008675,18.08266357564203,4.243046946211384,52.95475535472085,0
C_00414,L_014,24,8.12084225641567,3.2658277322662412,17.881075307639904,4.245173636891144,53.99885971058252,0
C_00414,L_014,96,8.446605497238115,3.3363807099098075,18.20605541872856,4.178167754338757,59.035169689499,0
C_00414,L_014,168,8.541682201757252,3.3105120503184,18.23190306933274,4.160313611980062,63.19069834300287,0
C_00415,L_015,0,8.832247061353486,3.311936240103115,17.863562990979112,4.23733320083456,55.65361287660654,0
C_00415,L_015,24,8.545018520030405,3.22011783288598,17.96843657171828,4.16928099956312,55.095181811284846,0
C_00415,L_015,96,8.72821520790955,3.283820536227512,18.21162145763902,4.16737798271747,60.04873394271899,0
C_00415,L_015,168,9.283095731725908,3.2991797922555,18.267821102887584,4.253111880924612,63.49110809833543,0
C_00416,L_016,0,8.754396653280075,3.2744686604129347,17.91987003151191,4.1845646360655415,54.45035336514442,0
C_00416,L_016,24,8.53361940443025,3.253701391194697,18.23433417718184,4.240708114082404,56.01882300287439,0
C_00416,L_016,96,9.008333683974003,3.327079572871129,18.268159971043044,4.191904621424387,57.42081862243078,0
C_00416,L_016,168,9.183139744602428,3.306194626471172,18.043113380020156,4.207794614795297,61.86780435629909,0
C_00417,L_017,0,7.868291775697171,3.3027748411267814,18.755662269485747,4.175024848617064,55.56502539329623,0
C_00417,L_017,24,7.807247336080295,3.3277237643239106,18.555015397536245,4.190420809006782,57.680579259805135,0
C_00417,L_017,96,8.345482042432986,3.2780681889714858,17.831629532524857,4.2538819208156955,61.56458423630157,0
C_00417,L_017,168,8.392292152848883,3.2965185671952373,18.09158534224943,4.194695816436975,64.10767764225199,0
C_00418,L_018,0,10.469812994328759,3.290869661629029,18.453342424777794,4.133290704176681,54.92582537091634,0
C_00418,L_018,24,10.576943315861346,3.339254943014742,17.652016929147305,4.1665499916941116,55.59847228736247,0
C_00418,L_018,96,10.673917042041666,3.293285552056115,18.39438226113172,4.186807341306869,60.25236428787312,0
C_00418,L_018,168,10.94982044729121,3.3002488896430067,17.161459583187202,4.203113583308107,60.64148909815718,0
C_00419,L_019,0,7.455056960207633,3.3064189670009476,17.56781832060142,4.1876273759178195,57.598171113718806,0
C_00419,L_019,24,7.703427716799447,3.292849063444072,17.575861829747538,4.247990432249452,58.307020336404115,0
C_00419,L_019,96,8.133425787797545,3.2988528476466135,17.70251520156709,4.243113248880676,55.655508528399736,0
C_00419,L_019,168,8.384659843637948,3.35233716634427,17.359533529040917,4.2665452272670334,64.44243274076457,0
C_00420,L_020,0,8.733847086656128,3.3052104465465946,17.585930541882814,4.190642401692864,54.508759684389,0
C_00420,L_020,24,8.608439879421912,3.2795672074385522,17.482511415287053,4.185336660632837,55.21804975534403,0
C_00420,L_020,96,9.110684874007914,3.349358619416516,17.005296143826037,4.227345067219996,60.090398457990666,0
C_00420,L_020,168,9.497585887843504,3.3179116301077602,17.92575371243917,4.22190605139427,63.00770428622922,0
C_00421,L_001,0,7.968980309913938,3.299420663894097,17.78082208297601,4.1906986720221315,52.74534873745276,0
C_00421,L_001,24,8.96154870641794,3.3808373415812127,18.90608472801053,4.1795298257072675,55.95182166135109,0
C_00421,L_001,96,11.545880715144957,3.2768709819388193,18.86121174482212,4.206040191414758,60.327166760570904,0
C_00421,L_001,168,13.831203412809513,3.2819775533086397,20.75769326904568,4.216668944530823,63.969249123241724,1
C_00422,L_002,0,9.079552894576773,3.249270907029293,17.973489249226212,4.1546216428701594,57.822597920139344,0
C_00422,L_002,24,9.90257616862339,3.295105644697314,17.620915035511448,4.219449103246045,57.52492177457472,0
C_00422,L_002,96,11.792873100818884,3.295490693686792,17.565908659710036,4.141063006497694,64.90490974799368,0
C_00422,L_002,168,13.044123018485552,3.2662509536498803,18.237355789116144,4.1438931975534645,72.79346868226196,1
C_00423,L_003,0,9.182277495533935,3.3191093074085734,17.99869277988117,4.172556134290368,54.947388842770046,0
C_00423,L_003,24,9.18404164161416,3.259116821711271,17.495916261614514,4.358981090704389,56.38264677883905,0
C_00423,L_003,96,10.030982267673908,3.2770002536957854,18.258600528216604,4.775445177904189,59.56751858526121,0
C_00423,L_003,168,10.266744356882821,3.298349703543869,17.71689636263457,5.216679963485763,61.86834576631089,1
C_00424,L_004,0,8.06943799284297,3.3018691353973715,17.638778531825363,4.159186845294237,54.50488822010704,0
C_00424,L_004,24,8.531000347581646,3.304640337692274,17.760986006239087,4.179289014828143,55.85401732993402,0
C_00424,L_004,96,8.251103650490638,3.3199341247299867,,4.15195511223851,60.33440448605509,0
C_00424,L_004,168,9.356778954079184,3.3419354840003566,18.31791949010871,4.229261695131818,62.382881002484126,0
C_00425,L_005,0,6.959405642339179,3.3038700772493663,17.788000495748985,4.234771981838755,54.34093417772804,0
C_00425,L_005,24,7.209641000555961,3.2780225694121485,17.815663876987937,4.214327913922027,53.81971142172195,0
C_00425,L_005,96,7.494899196037177,3.2946915448697682,17.7027359106704,4.189748529130992,58.23065913629649,0
C_00425,L_005,168,7.596325305126803,3.30017736188314,17.874820520250267,4.190548698517321,62.81453773057569,0
C_00426,L_006,0,9.564144441280536,3.274329496580662,17.803452776949637,4.18719690198247,54.54074532085245,0
C_00426,L_006,24,9.73791001723125,3.2873596824346794,17.840039999648667,4.179394062777924,54.64670445096529,0
C_00426,L_006,96,9.939805736141434,3.248283076152854,17.280030613068526,4.2389435334792465,63.12233728020029,0
C_00426,L_006,168,10.327243143306141,3.3319737417408866,18.333715499929145,4.207420794760556,64.60374323001976,0
C_00427,L_007,0,8.329200623167727,3.2830797924550326,17.92160682883816,4.279250538188877,56.05294698658437,0
C_00427,L_007,24,8.519232708720333,3.3134971246812306,18.123010984798967,4.20649081314346,56.44431369961258,0
C_00427,L_007,96,8.807309325799903,3.3065973369502886,17.68780686350345,4.223993780793368,60.648297321818546,0
C_00427,L_007,168,8.937667250964381,3.3669693993741516,17.30742691153148,4.253340514362299,62.9195904762383,0
C_00428,L_008,0,7.677903919953987,3.281903183629318,17.99211881828178,4.166111321694745,58.08230502290822,0
C_00428,L_008,24,7.8532487361461,3.3163502410037333,17.401864890689968,4.129869597056689,57.203724763985505,0
C_00428,L_008,96,7.9621337106362535,3.3379567228191362,17.31158842927725,4.167063961064601,59.29664659668491,0
C_00428,L_008,168,8.433920697317383,3.2620403007533096,18.91798387203238,4.1749346478736165,63.49634386256953,0
C_00429,L_009,0,8.415842977673206,3.2793299740567248,17.85337775215051,4.190923102658328,55.85237098235989,0
C_00429,L_009,24,8.215340537776658,3.3504527639188946,17.65836747564325,4.201792881272594,57.04160854069542,0
C_00429,L_009,96,8.471026703452267,3.2781392897730592,17.563264552051084,4.192001147605236,58.17944124379668,0
C_00429,L_009,168,9.108951604476909,3.2804254026170403,17.597783027946637,4.1992812454353095,61.825241965483514,0
C_00430,L_010,0,8.922039156493044,3.2714322885034073,17.42471552698217,4.252274048946894,54.88037256413504,0
C_00430,L_010,24,9.142945612168381,3.2858907089043585,17.628619420693198,4.166708408487629,56.77953289061512,0
C_00430,L_010,96,9.600431050095551,3.3520291936074362,18.56266192103265,4.260950642190098,60.123789808887985,0
C_00430,L_010,168,9.930259203207424,3.3149447721132392,17.843025287462105,4.280211042029134,63.80562836993775,0
C_00431,L_011,0,9.096243525059899,3.26415624165408,18.827229522450928,4.192553847701834,55.15248719491541,0
C_00431,L_011,24,8.762211002724271,3.2587298184319105,18.29414553551354,4.160611139128997,54.455478371878364,0
C_00431,L_011,96,9.445607378705107,3.2831995767858464,17.879353338139023,4.156436764174789,59.77382977087421,0
C_00431,L_011,168,10.048612124679694,3.319448329102761,17.880871311497877,4.190532478552731,62.53397146925856,0
C_00432,L_012,0,8.5805672782793,3.27616381274849,17.56872554625708,4.214807818282009,54.49711635142509,0
C_00432,L_012,24,8.722615612037469,3.2996429846900766,17.177440851577256,4.2065228221652955,54.74048703857987,0
C_00432,L_012,96,9.034905318705375,3.2937821417687347,18.83298789742807,4.251423942346333,57.549252621921774,0
C_00432,L_012,168,8.865074631921045,3.2811224685802154,17.450433628726334,4.288029523475084,61.72716899252181,0
C_00433,L_013,0,8.490439590613377,3.299184324437277,18.4979426933666,4.212464990226984,54.657962904939296,0
C_00433,L_013,24,8.948926931708817,3.292679612525342,17.795015944255507,4.088962645052896,54.874056530685145,0
C_00433,L_013,96,9.077340607040513,3.302498141415047,17.81872889800013,4.185562714966117,60.33270808082217,0
C_00433,L_013,168,9.544811233752394,3.3159779443258337,17.89603578523143,4.25295749977267,62.55650348780348,0
C_00434,L_014,0,8.24502851795887,3.305817957726981,17.30601805251313,4.1588909216006495,55.23809868988884,0
C_00434,L_014,24,8.542950678146454,3.3402408425577272,17.947315502513355,4.227886272320182,53.720427454797196,0
C_00434,L_014,96,8.90146275130762,3.2808696988852994,17.717594128768873,4.20859775690035,62.394205248203434,0
C_00434,L_014,168,8.98253800769826,3.3246313477314873,18.461770326347494,4.149124300718054,62.24052642568689,0
C_00435,L_015,0,8.193034943400864,3.367549198356847,17.790447016672804,4.183370851426319,55.7189067353983,0
C_00435,L_015,24,7.94550516978722,3.296475953462737,17.813232851047406,4.09727670026669,56.849141161622406,0
C_00435,L_015,96,8.278547731712337,3.3317807762564224,18.00247068339136,4.158381529438862,59.71930844761042,0
C_00435,L_015,168,8.17804631780999,3.269727054120009,18.28597768566885,4.205106382401853,62.69028135242457,0
C_00436,L_016,0,9.135163517938844,3.32389621456533,18.30274324567498,4.2256900860035325,54.709046323211496,0
C_00436,L_016,24,9.19260422492234,3.333377020882518,17.53010723210412,4.15890774715223,57.992549188558066,0
C_00436,L_016,96,9.102318982516161,3.3143191407104737,18.045590937174598,4.251445537717624,60.47472445722658,0
C_00436,L_016,168,9.497573536598765,3.3127316248231224,17.7018077024731,4.186751747700391,62.92866724205413,0
C_00437,L_017,0,8.907199469944812,3.339863987695958,17.80064171696705,4.181119215468719,54.511223299234864,0
C_00437,L_017,24,9.020497051198204,3.3164220877810098,18.37628915205639,4.206471561208079,54.09392407326215,0
C_00437,L_017,96,9.477801968933203,3.3278237557423065,18.442936194964904,4.271370556415719,60.71842885912563,0
C_00437,L_017,168,9.425369965497964,3.3165929685921354,18.35124893519525,4.2777998157352455,62.7963682001205,0
C_00438,L_018,0,9.543089155867749,3.2653754219668563,18.138643440531336,4.177899865725148,55.74382477639184,0
C_00438,L_018,24,9.699681226045717,3.311793339721253,17.95620118070767,4.239543664772161,56.39666915897611,0
C_00438,L_018,96,10.287964505611944,3.330062244478814,18.8415218288053,4.237849882106832,56.3036433959785,0
C_00438,L_018,168,10.84807095089366,3.3000715643981766,18.23823703945249,4.214872228684357,65.02185962709905,0
C_00439,L_019,0,8.167457649463591,3.300284795312512,17.837871247458857,4.177332649726509,53.66541651270861,0
C_00439,L_019,24,8.293061844296542,3.2717371500873704,17.420541898600973,4.240323255367698,56.748924758296695,0
C_00439,L_019,96,8.49182300007142,3.34042272996885,18.72865566152691,4.238086332196713,57.921268685242254,0
C_00439,L_019,168,9.03931290921538,3.2416401084276556,17.791048945763713,4.248939673963064,63.850571418386544,0
C_00440,L_020,0,8.422612989371398,3.293133133393851,17.76487006853637,4.178115601474094,54.95277512762777,0
C_00440,L_020,24,8.401915281450858,3.323830122087282,18.29395166607127,4.246119514781651,56.46825669906128,0
C_00440,L_020,96,8.662744839242437,3.299895356109206,19.304460276101786,4.259219779695212,58.21671934423697,0
C_00440,L_020,168,9.472376444226663,3.318189672686092,17.384225291670212,4.269785034761384,62.33466442979194,0
C_00441,L_001,0,8.438820336300761,3.2811204460449646,17.231863497846998,4.212918211716002,55.028541591320625,0
C_00441,L_001,24,8.274411871277183,3.32967185724647,18.26059225657893,4.243837099771868,53.69046743944939,0
C_00441,L_001,96,9.049892947911312,3.2852940093085796,18.179159254653747,4.191046609722923,60.315850209671964,0
C_00441,L_001,168,8.892371483769928,3.342971121986101,17.76113282006911,4.27128506102868,64.14816152389784,0
C_00442,L_002,0,8.827225261136034,3.308898867006295,17.906908017107526,4.1719364596978,55.65093080543191,0
C_00442,L_002,24,8.581453888993837,3.3210487083133153,17.444176212521032,4.193436974933429,55.74077179890211,0
C_00442,L_002,96,9.348178335033712,3.255633701579069,17.958668366148714,4.226961216549382,60.34908262120581,0
C_00442,L_002,168,9.751687359268178,3.2794548275021347,17.07793149141441,4.24741304067074,63.06241933111479,0
C_00443,L_003,0,8.225540151934766,3.2684186845546823,19.05119817927627,4.166484736218534,54.80978513132023,0
C_00443,L_003,24,7.824342642506709,3.3010402587174004,17.939813480208596,4.142563101049614,56.24727016780805,0
C_00443,L_003,96,8.073866071652573,3.287638436067349,18.436066145709145,4.281141623905368,62.962420934169664,0
C_00443,L_003,168,8.066054624287808,3.3053477252373664,17.153382382926754,4.251068203252894,64.35172424160517,0
C_00444,L_004,0,7.330469484034058,3.293476634415117,18.683587654529795,4.228929583287691,54.99615819516243,0
C_00444,L_004,24,7.092786538637192,3.342484197438635,17.63862068507467,4.271644554462341,56.9165268477342,0
C_00444,L_004,96,7.597488070717179,3.325800327441985,16.61268610662441,4.200771331951814,61.99806263973925,0
C_00444,L_004,168,7.862752937085501,3.269506916547503,17.867825082059458,4.113545379791954,64.32259876790344,0
C_00445,L_005,0,8.911985463050062,3.2881408296398376,18.23457416870434,4.19131605103758,56.35657341134509,0
C_00445,L_005,24,8.53144442117022,3.3155623155809977,17.26146664639901,4.128945650649682,56.433147216874985,0
C_00445,L_005,96,8.816495714723132,3.3068075432637936,17.707721629393653,4.283999095202852,59.425114591428176,0
C_00445,L_005,168,9.013006612885262,3.304930846935176,18.451309441026634,4.238040696579379,63.19272598725533,0
C_00446,L_006,0,8.412779952690356,3.298098531367464,17.911046752793144,4.223192393761929,52.81046243554337,0
C_00446,L_006,24,8.969674723504177,3.268860118260968,17.995164943316087,4.148500587624546,56.16687742547735,0
C_00446,L_006,96,8.918427244196893,3.308707752463522,17.3389502785963,4.193230316842557,60.035658092674254,0
C_00446,L_006,168,9.689026466289878,3.2588584944068923,17.697422769887687,4.154944858980928,64.0739132297391,0
C_00447,L_007,0,7.332978116005189,3.3150656703719936,17.994640117101383,4.189064391250001,55.67235801227213,0
C_00447,L_007,24,7.264912696920913,3.2669662903668457,17.619675512792885,4.205699931960379,54.855173950382365,0
C_00447,L_007,96,8.167152047335975,3.2663551100623747,17.9437055756257,4.15162214412328,59.43006126637946,0
C_00447,L_007,168,7.824398190413093,3.321122000655828,17.797650057351934,4.207347215997753,62.53465694883606,0
C_00448,L_008,0,8.08502881755436,3.3018456470851594,18.25152627925117,4.190616139611559,54.21747715384827,0
C_00448,L_008,24,7.896180930522094,3.3134933629314087,17.68684595078248,4.232027786672049,55.84024562607953,0
C_00448,L_008,96,8.328552212585974,3.2744172179808526,17.992485624111165,4.222519508492175,61.1511565088536,0
C_00448,L_008,168,8.417299622043386,3.3140883052674353,18.22391022361239,4.201148414386913,62.621375998503936,0
C_00449,L_009,0,7.350735077884172,3.303778930791976,17.1499736578308,4.203243267376463,54.079207367870346,0
C_00449,L_009,24,7.527935393003873,3.302934143777408,17.110266280222685,4.253226099630323,56.76029617330649,0
C_00449,L_009,96,7.499933300752704,3.280305923996043,18.104050894182535,4.2357627963033595,60.06465577247967,0
C_00449,L_009,168,8.168408175159028,3.2551808292724953,17.530893445007795,4.132425439606316,62.414444572382756,0
C_00450,L_010,0,7.899042684272695,3.284039269818286,17.900262044617076,4.218933595633321,57.46936268150248,0
C_00450,L_010,24,7.895443087338408,3.335872326861256,17.529430468802236,4.172181861172396,54.26728012089025,0
C_00450,L_010,96,8.474488162797302,3.284374898845013,18.03463397246338,4.232889009921006,59.5872609586063,0
C_00450,L_010,168,8.825828184859619,3.2989675671164855,18.68735355569078,4.193033365668076,65.35374218851638,0
C_00451,L_011,0,7.637941361402417,3.2975746085613187,17.34822298208932,4.197665230189266,56.291410030105496,0
C_00451,L_011,24,8.234982017429296,3.293881320654918,18.182774727671596,4.174234674317348,57.62264305443675,0
C_00451,L_011,96,11.18942868065208,3.310820672619836,18.98900703494462,4.142732080798082,59.86893617685138,0
C_00451,L_011,168,13.671078954878766,3.3459578094921696,21.348029363206727,4.294627591775842,63.31486612383687,1
C_00452,L_012,0,7.993426131313693,3.2911400513951534,18.575624206334396,4.200018999454661,56.04514302070178,0
C_00452,L_012,24,8.192289371243117,3.3161191242393246,17.882814728892416,4.220734011626878,57.7251559213511,0
C_00452,L_012,96,10.338199046224382,3.298857160688333,18.353969880597205,4.200615727096026,65.56785072547983,0
C_00452,L_012,168,12.244573541434113,3.279774861877209,17.404082170793036,4.174110266634296,71.25376309665643,1
C_00453,L_013,0,8.659274595800364,3.329230780624369,17.79691694807998,4.193380937862896,52.44078036439258,0
C_00453,L_013,24,8.97289093112569,3.325543777191293,16.752350875475834,4.414340921537685,57.39444686764973,0
C_00453,L_013,96,9.576879216470303,3.280441849230643,17.20644722745799,4.780288738269007,60.33510909394209,0
C_00453,L_013,168,9.55558357629371,3.326873208614659,17.960717634804226,5.205371678167491,62.669553204291404,1
C_00454,L_014,0,9.09758816262284,3.3314944464225893,18.487784809738393,4.193270811490979,54.592021478923854,0
C_00454,L_014,24,8.982021144194313,3.2810504996830736,17.941623741445234,4.175299221434153,53.57511035755333,0
C_00454,L_014,96,9.115011724734554,3.2679820640820405,,4.169785124036723,59.546540744869844,0
C_00454,L_014,168,9.767277108635955,3.322857603155739,18.35768169221191,4.227114660580061,63.00039795030762,0
C_00455,L_015,0,8.736105893549242,3.2867866698462476,18.31336653227494,4.174916162651624,55.51002711279445,0
C_00455,L_015,24,9.214029649340556,3.302131219283986,18.50613488950578,4.194828861250485,58.08698451020752,0
C_00455,L_015,96,9.863043352834511,3.2631932346041577,17.871615826925602,4.241737560386594,59.782961014302394,0
C_00455,L_015,168,10.441120319192775,3.260601916045327,17.23949920442424,4.245787460664909,63.07872017801111,0
C_00456,L_016,0,9.315202306426595,3.279653419853706,17.681918231227815,4.207589047167946,55.480473280054866,0
C_00456,L_016,24,9.074268620779046,3.2950513092016243,17.890093515733003,4.218861221344568,57.22776389472961,0
C_00456,L_016,96,9.495109273650593,3.331214144518935,17.757334133270632,4.196887574050571,59.56099052741797,0
C_00456,L_016,168,9.774143112114468,3.312901901908476,18.144270880359688,4.23898067960263,61.09020283689645,0
C_00457,L_017,0,8.684191326343706,3.273736175098212,17.683356673875785,4.161026922535323,54.10256940706371,0
C_00457,L_017,24,9.38382841031721,3.3384914768242475,18.22693882583097,4.287793745761018,56.25525016003097,0
C_00457,L_017,96,9.412485881221443,3.326329451697204,17.17263252371292,4.178371307663437,59.143780903548866,0
C_00457,L_017,168,10.235899423838031,3.295226180928212,17.468644485230996,4.214567904422666,63.62413467890735,0
C_00458,L_018,0,9.083006819208936,3.2797601354261103,18.17655018858646,4.213744090494388,54.003728944430726,0
C_00458,L_018,24,9.022061221688908,3.310500319091804,17.596031670461137,4.2297053563034686,55.182248622142346,0
C_00458,L_018,96,9.57947836257278,3.3038292976814896,19.060964653511867,4.238532628216092,58.66409700087527,0
C_00458,L_018,168,10.159196247369588,3.25622210346286,17.49494683316135,4.1145628453981145,63.16346315904702,0
C_00459,L_019,0,9.85523244475879,3.26121024993756,17.90131501788719,4.271695675136156,55.471382231457895,0
C_00459,L_019,24,9.907308691897805,3.2560482334999095,18.621137577478862,4.199339505101751,56.300556340692005,0
C_00459,L_019,96,10.376677221880001,3.2680615495660468,17.94071541342961,4.216864987355942,57.463347947393174,0
C_00459,L_019,168,11.21701342085745,3.301970056011811,18.478040573372457,4.200712236876771,62.396139522865774,0
C_00460,L_020,0,10.581993815390565,3.2947264818361424,17.226208759110396,4.211782513753112,53.91600400989295,0
C_00460,L_020,24,10.900718629725413,3.266218706397591,17.82841796667896,4.226324473108152,53.85649261937938,0
C_00460,L_020,96,10.992247616616439,3.29624206376434,17.674308596351008,4.173776615668997,62.33627379208019,0
C_00460,L_020,168,11.64928952293363,3.2877986033942403,19.012190714221884,4.231639170235789,62.142032004036544,0
C_00461,L_001,0,7.787004894708556,3.2590305085858686,17.396571878803886,4.1763381552500345,54.037783611952015,0
C_00461,L_001,24,7.945448397210465,3.334513554769321,18.23841068397639,4.1988272756885365,56.96239329462313,0
C_00461,L_001,96,7.759002468297319,3.2538835694495942,18.19648690995892,4.168344291885475,60.52497954620536,0
C_00461,L_001,168,8.228060473984796,3.3062029889794573,18.422006192336273,4.248283007531669,62.92163192140142,0
C_00462,L_002,0,8.394182172015897,3.2950892769498457,19.178178040611186,4.207287588035342,55.12931450641158,0
C_00462,L_002,24,8.461500359045356,3.3255018354107464,18.342122590198542,4.2328369593290605,56.683151163302206,0
C_00462,L_002,96,9.035601579669148,3.3317921299158684,18.127394513707184,4.203986934211416,59.829298067532726,0
C_00462,L_002,168,8.947665293810683,3.2820509929846167,17.976014845701794,4.145345717262474,64.07348518813771,0
C_00463,L_003,0,8.920926364272038,3.3009821705392635,17.845356025609632,4.197305158110786,54.434210774197894,0
C_00463,L_003,24,8.95185471756167,3.2806701385590307,18.486663265960022,4.117966629052189,56.07130398398865,0
C_00463,L_003,96,9.16692918031586,3.310469787168162,17.345568241566447,4.188580014921685,59.32457038061719,0
C_00463,L_003,168,9.66295513044217,3.3083046241698852,17.467430305109012,4.195500931251173,62.877168319212295,0
C_00464,L_004,0,9.013594265407752,3.2903554235019805,19.21308830225951,4.183490741622098,54.905626877953154,0
C_00464,L_004,24,8.942183501643926,3.313193699799985,18.39185441858337,4.178624295673013,56.6825753340985,0
C_00464,L_004,96,9.113612613965786,3.2713899046987525,18.466557944625094,4.186411390736083,59.50578639316633,0
C_00464,L_004,168,9.787172349977741,3.2799476169234345,17.889132130313385,4.280636260219772,60.103665205790314,0
C_00465,L_005,0,8.01651046813569,3.2958403433850965,18.163264398333702,4.2122210163284315,53.52619234653936,0
C_00465,L_005,24,8.408726485743605,3.2540697501168006,18.207075159312964,4.208599090933659,55.565343846294084,0
C_00465,L_005,96,8.689325061595891,3.276433266196348,17.97717458966003,4.195459436570796,61.939821644447996,0
C_00465,L_005,168,8.975717939726707,3.268501332473684,17.26391552031269,4.2255163281053205,63.52164944252448,0
C_00466,L_006,0,9.575485826505115,3.3066697961448663,17.633478830462366,4.207812323401822,55.97595682470425,0
C_00466,L_006,24,9.604259955708235,3.3187061335707164,17.791854191238677,4.194048706753038,57.591344607977724,0
C_00466,L_006,96,9.846737250418974,3.3291989579003087,16.943771822247825,4.209792960754703,59.42895579834813,0
C_00466,L_006,168,9.956206319510999,3.3167941804146865,17.673974913624782,4.200718694025873,62.90460434916618,0
C_00467,L_007,0,9.802687183663823,3.295882999438866,18.899719769416546,4.232086705257609,55.68938432697414,0
C_00467,L_007,24,9.638263622611838,3.3141709500497316,17.9748588915547,4.144985330465011,55.243397246098844,0
C_00467,L_007,96,10.3102612356245,3.3132666231381864,18.198783096561407,4.184240867709676,60.08573197028247,0
C_00467,L_007,168,10.737467301395847,3.2891779531704755,17.76047786702038,4.260238977112251,63.759413717309045,0
C_00468,L_008,0,8.125629883728147,3.2269751171325765,18.470029294472074,4.186321124105595,57.14018184422423,0
C_00468,L_008,24,8.297071094511649,3.289629654465849,18.583736890812183,4.208539306715558,55.10343344709876,0
C_00468,L_008,96,8.925323050861016,3.292269231901238,17.824339258555835,4.231035778601413,61.11174692755833,0
C_00468,L_008,168,9.449109188588748,3.2934615372156064,18.078842635382014,4.238361616370213,63.98451075519925,0
C_00469,L_009,0,8.157838102185561,3.3165551784805074,18.566539873007446,4.145758111650616,54.03247471995745,0
C_00469,L_009,24,8.19799233419235,3.319867925807666,17.762350259075173,4.184953563744958,55.42604312614117,0
C_00469,L_009,96,8.532970205997533,3.295965023135086,17.70567973425918,4.198190899592145,57.8770374788483,0
C_00469,L_009,168,8.448626551083386,3.27895850922241,18.563513601359528,4.218030993120754,64.35239460231752,0
C_00470,L_010,0,8.891134026251603,3.320788950562095,18.52305145551502,4.243367533880644,54.957598537247264,0
C_00470,L_010,24,9.31054665511354,3.2910516186450587,17.660236708104826,4.1953697492721185,54.720291182479926,0
C_00470,L_010,96,9.538450637636274,3.293615339703643,18.376949640095088,4.214165851801806,60.568782693727044,0
C_00470,L_010,168,9.679225146188355,3.3102558711105403,17.962867018882978,4.159979793863455,62.312434241352754,0
C_00471,L_011,0,8.840474847820804,3.2954822850902494,17.685010042002347,4.160983099184906,56.91054357758655,0
C_00471,L_011,24,9.503362782914929,3.3035842542519873,17.64373138254116,4.1289977207293616,55.55870828274709,0
C_00471,L_011,96,9.363039951765758,3.2841578003965335,17.89917718219448,4.117684076553995,57.50579351581135,0
C_00471,L_011,168,9.91953738165247,3.340571031184105,17.147499233437287,4.182944289630433,62.88998208594416,0
C_00472,L_012,0,8.219843682088628,3.3010880617921434,17.944584169815354,4.263708549351311,53.53627303854826,0
C_00472,L_012,24,8.088710073379474,3.2812300431676986,17.383274070725527,4.177728391882688,56.12359999395713,0
C_00472,L_012,96,8.429456719577011,3.306863370927776,17.56063197441666,4.245021460610783,62.19579957816236,0
C_00472,L_012,168,8.332300276618184,3.286027821927959,18.879520910382652,4.2909157692957045,61.37076807082345,0
C_00473,L_013,0,8.228179680818233,3.304050318799703,18.35530031438861,4.236428300533007,53.03156555132826,0
C_00473,L_013,24,8.390636932766327,3.2824840283038363,18.24166914001231,4.181853574015475,55.90595084165959,0
C_00473,L_013,96,8.587935449115918,3.3017200906423763,18.35754287317171,4.145755465717001,60.122778790588896,0
C_00473,L_013,168,8.700447764579957,3.263918415308167,17.816910968450383,4.200014788196897,61.722100538134875,0
C_00474,L_014,0,9.516080100052434,3.2866083182191983,18.06017256348593,4.229177053357287,56.23531549127665,0
C_00474,L_014,24,9.556898672511855,3.2588122339036762,17.226988984160144,4.189086352738182,57.574938734588244,0
C_00474,L_014,96,10.260640787192786,3.314923330784993,17.71394984572624,4.164185524811077,56.765946770051,0
C_00474,L_014,168,10.093874794863078,3.2745443309099733,17.655324326987987,4.219563496582973,64.23374291517133,0
C_00475,L_015,0,8.994697475065433,3.325513049343908,17.698050173710637,4.127165359421522,56.25396555873604,0
C_00475,L_015,24,9.000276252625529,3.2842003232050203,17.56828137184115,4.1836984740396685,55.337499856804534,0
C_00475,L_015,96,9.906684237050763,3.2568663381435243,17.420519417894663,4.176913578222303,60.31544922834086,0
C_00475,L_015,168,10.013582232212597,3.281897269422409,18.32252985346744,4.253255610653679,63.91889025292391,0
C_00476,L_016,0,8.519879750881996,3.2939746689053635,17.769419901629174,4.236999329892884,55.32433548068247,0
C_00476,L_016,24,8.823083158282149,3.333408153636953,18.20654134598999,4.181883772547451,56.4427134144493,0
C_00476,L_016,96,8.944843559367797,3.3650841944201906,18.13954629982261,4.236478950131993,60.81982005009231,0
C_00476,L_016,168,9.06755307983711,3.2935302112603106,18.132409730096356,4.235847030072554,63.34850866955524,0
C_00477,L_017,0,9.339237810363281,3.2669265764274202,18.74754622960754,4.178353055459167,54.44453298948972,0
C_00477,L_017,24,9.572237941003538,3.307593295770985,17.947148456127447,4.17063090159779,57.30378569502263,0
C_00477,L_017,96,10.206744327387117,3.302849026970931,18.506370485784444,4.263967706077239,58.4091860908382,0
C_00477,L_017,168,10.345013366007588,3.3011252693872835,17.4792537886424,4.20758080096383,62.50698368388095,0
C_00478,L_018,0,8.985048579198043,3.3527882332827526,17.174677978303002,4.220065731961091,54.610188165553765,0
C_00478,L_018,24,8.991134285704643,3.2930531073210934,18.30031930972504,4.23112380090368,55.83885025015455,0
C_00478,L_018,96,9.573738274400137,3.331720824877514,18.367369173877776,4.18672373052554,59.79464911835027,0
C_00478,L_018,168,9.737493624285747,3.279609214158836,17.293752497675584,4.134088975145017,63.59332985905545,0
C_00479,L_019,0,8.857184662937751,3.30380545373241,18.60725367671191,4.214821434799344,53.581862106817105,0
C_00479,L_019,24,8.865750952145278,3.3167527673718022,17.753569386350847,4.144459137250462,54.86325685660216,0
C_00479,L_019,96,8.946192771419781,3.3280221915765282,17.816770493808033,4.277555472831161,59.691783848596494,0
C_00479,L_019,168,9.493692486546463,3.3357348160025326,17.599363057850717,4.208631962574918,60.4510095989774,0
C_00480,L_020,0,8.11969911176533,3.297225780466744,18.232197406958058,4.191396251544535,55.29354716933714,0
C_00480,L_020,24,8.61569716911716,3.318256424040421,17.531465772913318,4.150378554541955,54.942612102874214,0
C_00480,L_020,96,8.76057935942775,3.3068893224740634,18.35553722060057,4.195525419849404,58.42911927223598,0
C_00480,L_020,168,9.059988949825826,3.2861637871637206,18.083946625134292,4.153003006435385,61.890318914999874,0
C_00481,L_001,0,8.09774339083531,3.241724507595295,17.748273753160568,4.1931458141648745,54.14047051999617,0
C_00481,L_001,24,8.653932639112213,3.316774832386177,18.832762158704814,4.173283271253086,58.233905506868034,0
C_00481,L_001,96,11.629550900423276,3.2629628758201865,19.223774983233817,4.259615910209286,59.12319983290134,0
C_00481,L_001,168,14.31553625265247,3.302826809045912,20.761407414488396,4.245896405916405,63.627185773037304,1
C_00482,L_002,0,8.097416470298207,3.2789260033538525,17.540899241953234,4.1869358481361365,56.5796178414456,0
C_00482,L_002,24,8.301848411711816,3.312367328338631,18.579358018731813,4.225201822736093,57.64434668860187,0
C_00482,L_002,96,10.411184888013812,3.307496308604352,17.93101332809782,4.2262930755416654,64.4744509223492,0
C_00482,L_002,168,12.684718346780393,3.271696914276762,18.09972852653219,4.200460999841547,73.72206564712675,1
C_00483,L_003,0,8.562675326314304,3.3106397562592065,17.95049244415989,4.189884861221985,56.16775104766149,0
C_00483,L_003,24,8.680575496884943,3.291952539655358,18.22765367700131,4.372159861029698,54.061151139983544,0
C_00483,L_003,96,8.658623996834304,3.338675497676387,18.130695982057595,4.75677657342806,58.0770499605684,0
C_00483,L_003,168,9.405752149020795,3.3233578619933573,17.340263206992162,5.280371353746876,62.848383586646946,1
C_00484,L_004,0,9.261025176910042,3.3119106875073654,17.343990729865006,4.1907168769856655,53.56993306829594,0
C_00484,L_004,24,9.177596984367772,3.2814507351416085,17.54617651861201,4.2730268164800345,59.89426467420813,0
C_00484,L_004,96,9.737934847540583,3.306204632102304,,4.174638612989512,60.58873995892179,0
C_00484,L_004,168,9.84623457873288,3.3345611732968803,18.143479368063204,4.189979530330551,63.19510917709807,0
C_00485,L_005,0,8.604493133863754,3.290631402842341,17.88236221545888,4.233237867174664,52.214837520075676,0
C_00485,L_005,24,8.595822439386799,3.348201820755445,18.226210110325773,4.214231395686057,57.819269604910666,0
C_00485,L_005,96,8.402514167154502,3.323899965141003,16.899540290993123,4.185121314280398,59.859895158434085,0
C_00485,L_005,168,8.626034910944867,3.288706101923179,18.827719004802255,4.259160955431267,63.02751642068114,0
C_00486,L_006,0,8.071819504916387,3.293756438739738,17.115090088097453,4.204031343672402,53.467595261737785,0
C_00486,L_006,24,8.198702371459621,3.2981661301355802,17.83229797674613,4.281593444362438,56.669631803179335,0
C_00486,L_006,96,8.396107244534221,3.286511508915593,18.310459343236126,4.150346268875265,59.57933195874803,0
C_00486,L_006,168,8.290345870308386,3.2848756669532633,18.56271151810398,4.190506964427852,62.44551894513764,0
C_00487,L_007,0,9.121657366741989,3.3132771489534667,18.05239661876259,4.230012623572677,54.96690722367602,0
C_00487,L_007,24,8.989658505611294,3.276019977495598,17.541938454455096,4.241919975932319,58.35078285084737,0
C_00487,L_007,96,9.49246312795565,3.2465996612640162,17.69635946703461,4.230485595683709,60.92666971918259,0
C_00487,L_007,168,10.106355236464646,3.28691638954311,18.456340106119395,4.228727672070185,62.9199322332206,0
C_00488,L_008,0,8.948067334527234,3.2767981342966053,18.16787839291881,4.2316603268778605,55.62924179633301,0
C_00488,L_008,24,9.052450813309393,3.275868737031711,17.6349072016917,4.18473693389274,57.52902690229096,0
C_00488,L_008,96,9.291630316273947,3.271906698359227,17.491625984558226,4.124630557575162,59.7987852611924,0
C_00488,L_008,168,9.625993374268418,3.358005759378571,18.808550785706142,4.175870743515081,59.25663009135839,0
C_00489,L_009,0,8.35938724059996,3.294362532888954,17.91789317540461,4.210108078832275,53.42546856297025,0
C_00489,L_009,24,8.566958249025909,3.3009050492665657,17.507784371989406,4.14836297617257,56.938716810502285,0
C_00489,L_009,96,8.902454940630946,3.291552303797794,17.15799588172902,4.206047870464085,57.7726617561706,0
C_00489,L_009,168,9.24245204503383,3.285529456960329,18.306677693618603,4.2585585210954,61.5014144018567,0
C_00490,L_010,0,7.83734839424389,3.309027518982745,17.40166677289838,4.222161448788581,55.66416148166577,0
C_00490,L_010,24,7.975627608811938,3.3229997211387863,18.300963828383225,4.216091646162436,55.559460109849894,0
C_00490,L_010,96,8.325169294552937,3.337387529034598,17.984677185241754,4.215129708309124,60.34198252684999,0
C_00490,L_010,168,8.401514451327689,3.2666183131830504,18.221953578562246,4.206759052615362,64.11848017077133,0
C_00491,L_011,0,7.3613771534539065,3.325558124880412,16.858319617914443,4.183988534792739,56.7173596180351,0
C_00491,L_011,24,7.702815307712716,3.3022484598955244,18.3432897903481,4.133483916580431,58.35147623754824,0
C_00491,L_011,96,8.095020463375336,3.3465580243312183,17.443916626050978,4.193309855913424,59.65794233243628,0
C_00491,L_011,168,8.218816459735121,3.328185068176614,18.01199317590037,4.192777312142939,61.88597305101166,0
C_00492,L_012,0,7.924907707228159,3.2935317614358697,17.838356988756534,4.169688131743866,54.43143618711077,0
C_00492,L_012,24,8.27515121734412,3.286083819642707,17.935139632155185,4.288487806218892,56.32891265042311,0
C_00492,L_012,96,8.280624601867382,3.277138810835286,17.5232685253536,4.250853586170319,62.11594848175113,0
C_00492,L_012,168,8.751891925105948,3.349924183332022,17.99529084256029,4.243249948870293,62.521764840509164,0
C_00493,L_013,0,8.74134837887224,3.3334969946611044,17.735647065655897,4.180881291178556,56.27099407809023,0
C_00493,L_013,24,8.813732251375756,3.2893308919417863,16.905893148940226,4.192809563495834,54.836671754505,0
C_00493,L_013,96,9.379714205510318,3.3105745184589206,17.681563156005318,4.1902293981943926,58.961859486738746,0
C_00493,L_013,168,9.762397650003276,3.279442382988589,17.676107700772206,4.169856633935314,62.71845835377492,0
C_00494,L_014,0,7.738469497905034,3.326035225193173,19.078702521539313,4.197045089298356,55.24348399728785,0
C_00494,L_014,24,7.372841898325402,3.317414454186908,18.053340408650854,4.228193509343285,55.830221666301696,0
C_00494,L_014,96,7.968102222638418,3.3051299904488483,18.062565767952158,4.181240792243808,58.20447950834249,0
C_00494,L_014,168,8.571799660993857,3.2722413993425596,18.32419979081683,4.099885993946384,64.42718957826408,0
C_00495,L_015,0,8.791682525521956,3.294609712626265,18.377457164265522,4.125707469450919,54.37003918252089,0
C_00495,L_015,24,8.97642168460176,3.3395262170967968,18.19429245353263,4.15505417261192,55.71148151543838,0
C_00495,L_015,96,9.471330120950835,3.3178591329193505,17.58679494191756,4.197888607036106,59.00587531659209,0
C_00495,L_015,168,9.216797906206185,3.2572446960919574,17.695070228074513,4.270567972234615,62.717869021910225,0
C_00496,L_016,0,8.70746431010536,3.3002218692854237,18.49227540911258,4.176072793117952,55.16863077622429,0
C_00496,L_016,24,8.406725328746557,3.2806466764537654,17.90832699872867,4.2376648945753885,55.83157803025416,0
C_00496,L_016,96,8.693282802748755,3.317718338791398,17.628990278034266,4.252387980276027,58.61099109811831,0
C_00496,L_016,168,8.952345654362817,3.2497963048549945,17.831874401093938,4.229863696645812,63.08746017565359,0
C_00497,L_017,0,9.594102689909779,3.2968294376086758,18.54933589904799,4.164490657984003,56.35145947813402,0
C_00497,L_017,24,10.083767553300813,3.3068680912112454,17.85208381868881,4.16269105095996,57.30112429762487,0
C_00497,L_017,96,10.485592064396156,3.308515403116886,17.814217613308987,4.210086293755028,61.70188372435255,0
C_00497,L_017,168,10.863920907990948,3.3183585072117983,17.64788781336521,4.156336121380519,63.19766072396404,0
C_00498,L_018,0,8.572342426471332,3.3122937048050414,18.89216866596884,4.122216375043858,54.611606806007636,0
C_00498,L_018,24,8.665459486149265,3.3086952170543142,17.36332552906933,4.24201771995191,58.87187917923923,0
C_00498,L_018,96,8.82659813747452,3.251565372127426,18.03320856623134,4.242404561524092,59.62119561505064,0
C_00498,L_018,168,9.17926741040208,3.328322379297284,17.71150707776662,4.278804554351896,62.71646563742017,0
C_00499,L_019,0,8.664183310196961,3.234246666083537,17.916522120814626,4.145442141133502,55.11877746712328,0
C_00499,L_019,24,9.042743416471076,3.3212984583113894,17.8926896531975,4.16182225967871,58.09445998551596,0
C_00499,L_019,96,9.423550029919053,3.2826950653370006,16.93998209052627,4.249778048910845,58.78233136989785,0
C_00499,L_019,168,9.689159319253449,3.325958700106233,18.540683854755653,4.217117362962141,64.80060373634147,0
C_00500,L_020,0,7.15724445337391,3.2954790970315093,17.566146882441753,4.159930450269119,55.7458873269033,0
C_00500,L_020,24,7.605955448073897,3.2999338217188474,18.126685622291816,4.162908534861376,58.34863536057643,0
C_00500,L_020,96,7.84625006620493,3.2617692305013826,18.208747484866077,4.230132318277231,60.34251839135592,0
C_00500,L_020,168,8.086160509346003,3.3509004553042785,17.8949323449573,4.241926946886254,63.633127817867106,0
C_00501,L_001,0,8.529833509138287,3.3054232171354245,17.603468455731246,4.181457574405773,55.32497698825722,0
C_00501,L_001,24,8.33696950730663,3.3078384895401416,18.188150443331885,4.241323561178345,55.59576823864756,0
C_00501,L_001,96,8.623600731230722,3.3388642362982806,17.925976861167186,4.209776669741494,58.54228175363581,0
C_00501,L_001,168,9.170429917679549,3.3292952170178753,18.500943645264982,4.216062704454302,62.78987553432522,0
C_00502,L_002,0,7.672096199107069,3.33559547117361,17.758975988133407,4.256428136127546,56.02757077234662,0
C_00502,L_002,24,7.741194133796591,3.314543957575524,18.351985816782598,4.306739225126311,57.91679865011854,0
C_00502,L_002,96,8.623217473382518,3.3004336504508385,17.441386117388745,4.203771941778058,58.68066723026794,0
C_00502,L_002,168,8.633058099587325,3.307804340471288,18.43101416497436,4.2245280261624805,63.002957713319645,0
C_00503,L_003,0,8.039827030380676,3.3277457690560004,18.12237288902374,4.143892134854812,54.99454797184786,0
C_00503,L_003,24,8.121849908907262,3.3281031121238525,18.58403089869145,4.273130270806355,55.468071856470715,0
C_00503,L_003,96,8.503132718271655,3.2636384616399257,18.193446707922668,4.165560864512995,59.72816584852374,0
C_00503,L_003,168,9.184878923613532,3.3075888559047604,17.611284051368852,4.231311560238316,62.9249529650943,0
C_00504,L_004,0,8.225073534115468,3.3086384156248934,17.823679519388605,4.187568420681112,57.5237674400686,0
C_00504,L_004,24,8.153757082716306,3.2229298714262793,19.089422332046478,4.209465351421748,57.99383538307013,0
C_00504,L_004,96,8.490755462002637,3.3116350706827893,18.336108877972563,4.191622489876832,59.98347137831035,0
C_00504,L_004,168,8.542169565897241,3.3357903663068647,17.708488848727598,4.185879040207209,61.52424561124034,0
C_00505,L_005,0,9.197547513135632,3.298375475475238,17.291862856844084,4.178426395498335,54.50732810339872,0
C_00505,L_005,24,9.399127889297526,3.3289498263144894,18.827726499987662,4.262642195009433,56.41929876582481,0
C_00505,L_005,96,9.61486757000827,3.2844232732510776,18.00804529462878,4.231994579362345,60.66901143231729,0
C_00505,L_005,168,10.036489963939529,3.2969706132155987,18.35408800792902,4.26543490020334,63.9863253578948,0
C_00506,L_006,0,8.88675013155742,3.282969559410195,18.11568383940372,4.220792150142225,53.99938156899279,0
C_00506,L_006,24,9.057728762064801,3.3060821366326345,17.59514404045608,4.219499023265241,54.44541836132431,0
C_00506,L_006,96,9.340239070838665,3.3013301358112224,18.176526148310597,4.174630272000632,59.20251462232869,0
C_00506,L_006,168,9.876643665823298,3.280947745417081,17.254009421809243,4.15353704617241,62.70886514422314,0
C_00507,L_007,0,8.447054108371203,3.2655350403077827,17.872827816835034,4.285292182170855,54.58273372578851,0
C_00507,L_007,24,8.135976039667247,3.2960779341370188,18.193213128776975,4.269973734367955,56.632613242428,0
C_00507,L_007,96,8.230201889251164,3.265529781680494,18.04639321462941,4.152343933778712,58.93440424245588,0
C_00507,L_007,168,8.367414229529397,3.3268530877558526,17.771221625684937,4.230877213120224,62.443460850213846,0
C_00508,L_008,0,7.255518868830631,3.3552800643564056,18.4194784697584,4.1948634966867475,53.5562076329671,0
C_00508,L_008,24,7.259246689025569,3.3291304095518837,17.3102964944188,4.192385946836939,59.98158743459698,0
C_00508,L_008,96,7.745815401433401,3.3013992563394687,17.86155084036739,4.252253709576482,57.9540808712119,0
C_00508,L_008,168,8.03386665474664,3.3205138735067834,17.332550455996717,4.185063426333024,62.319481232396654,0
C_00509,L_009,0,8.46884431335006,3.2920882239337526,17.60733178640385,4.213199363687082,56.70548531910584,0
C_00509,L_009,24,8.581913933671778,3.297652787352787,18.248232627940652,4.179593635015687,55.78631605441944,0
C_00509,L_009,96,9.079561286062514,3.2243568774529354,17.728344821852243,4.162519048595135,58.644838864737885,0
C_00509,L_009,168,9.293094226878619,3.285982097118319,17.978119881636026,4.191185102861403,64.44390986762015,0
C_00510,L_010,0,8.125887147883558,3.274746058157217,17.48079731676576,4.2024254759036115,54.49355147859248,0
C_00510,L_010,24,8.04770229249458,3.318998535384521,18.343821437921136,4.2411304226740025,56.510777754600134,0
C_00510,L_010,96,8.724317863677218,3.354625646114458,17.86431527960522,4.166743768535847,59.93129547311729,0
C_00510,L_010,168,9.230536990316518,3.3442196814674663,17.583930116129597,4.185907167492857,61.15912814013424,0
C_00511,L_011,0,7.919214759248182,3.354187861914054,18.140567979114035,4.218176532236742,53.45523736182363,0
C_00511,L_011,24,9.282554439537622,3.2621448529164754,17.978728602055753,4.206349172523762,55.896729936617156,0
C_00511,L_011,96,11.9207806214024,3.2908958907416395,19.292360824193764,4.18652815625859,56.84635949994828,0
C_00511,L_011,168,14.423788697460784,3.3036186761791853,20.36494420594169,4.159988738137253,61.8049296889506,1
C_00512,L_012,0,8.170532309358299,3.317069187807697,17.445127031950893,4.20253081019365,54.44677125800546,0
C_00512,L_012,24,9.081410248970153,3.3288073122937476,18.23922819036152,4.247344454994436,56.60150643930935,0
C_00512,L_012,96,11.000509766745575,3.2554715249943453,17.85711375276005,4.199575071297485,65.68217687926017,0
C_00512,L_012,168,12.615905541976431,3.306621487726403,18.101590804388138,4.261307006411229,74.46839778442236,1
C_00513,L_013,0,8.145855644455796,3.242916391384387,18.35369323881,4.22694667751155,52.954161839034974,0
C_00513,L_013,24,8.443624659860394,3.285911308561633,17.94552856080196,4.402747972117907,57.219050231536286,0
C_00513,L_013,96,9.095947262164369,3.3082754931200875,18.600922213965056,4.769766301714018,61.60402232457503,0
C_00513,L_013,168,9.31734969598785,3.2755321407645104,17.921245786032774,5.170303678248643,62.53087016342125,1
C_00514,L_014,0,8.96923456870515,3.3475424236730515,17.292386063792954,4.152067676996672,56.71547487705739,0
C_00514,L_014,24,9.629188893203715,3.3056393374307143,17.890276837265294,4.170437759757051,55.39787128662144,0
C_00514,L_014,96,9.99155317317218,3.3199659815262157,,4.224444153650674,57.92030639063573,0
C_00514,L_014,168,9.95753641328308,3.3116217826461676,17.83362733864379,4.192646321322875,59.829477049733356,0
C_00515,L_015,0,7.877955684700791,3.2841599437803732,18.079329491504915,4.146489402952141,55.54743116489717,0
C_00515,L_015,24,7.455685165109647,3.2607970965216357,17.854959670086593,4.297147582993855,55.987063565841716,0
C_00515,L_015,96,8.05578165663646,3.30541936991732,18.796240307706572,4.2166583284509525,57.410536883318734,0
C_00515,L_015,168,8.587771162209101,3.2872344602765153,18.03698295843049,4.1886684243749555,63.84257022276499,0
C_00516,L_016,0,9.089064879316915,3.2946319782849782,17.26065694791611,4.160808453120086,56.0679844390802,0
C_00516,L_016,24,9.09507200800687,3.3069599616468204,17.604210594008094,4.20098067169384,57.58123891061696,0
C_00516,L_016,96,9.30249250507606,3.309266022431755,18.144276627233257,4.172428035351823,57.924846113684595,0
C_00516,L_016,168,9.5331025172323,3.2947140601180473,17.87071257794695,4.291138704345022,62.5895388190794,0
C_00517,L_017,0,8.042168212232568,3.317703813953099,17.770335680224328,4.151300925885516,53.614383203794084,0
C_00517,L_017,24,7.942925149772686,3.313155466198808,17.51506732930519,4.2060208003798065,53.778337298293046,0
C_00517,L_017,96,8.399559600557131,3.2713239023950313,17.964908774147506,4.188528249787128,57.79971281393556,0
C_00517,L_017,168,8.711076142872436,3.27664607844395,17.408733884893163,4.258309833011577,61.57156063651488,0
C_00518,L_018,0,8.517525703371641,3.2809660341685656,18.673984745160134,4.165733517801536,54.252063030886376,0
C_00518,L_018,24,8.56612739279954,3.311254849307786,17.381477711411538,4.1644441140659945,56.74694680983689,0
C_00518,L_018,96,8.314666943499821,3.3243919128475548,17.806371875183274,4.2142289213401956,60.975513759892465,0
C_00518,L_018,168,8.429973400257746,3.2781173404890067,18.101519842751177,4.218727903188635,61.33667126757486,0
C_00519,L_019,0,8.976746162769919,3.274260277424824,18.485290136890164,4.195419104536436,53.883723914446506,0
C_00519,L_019,24,9.116824150170356,3.2980908875142068,17.25387672742416,4.15968566116728,55.7514950112112,0
C_00519,L_019,96,9.318064552797466,3.2579608049409137,18.158450430021826,4.186201075776639,60.840679016066105,0
C_00519,L_019,168,9.366221111681472,3.324998236782967,17.115525732597593,4.1814987170224205,61.95060005698946,0
C_00520,L_020,0,8.566804305341966,3.33823383635267,17.390194470132762,4.2106134466142064,55.66462983562038,0
C_00520,L_020,24,8.720164546617896,3.317439826297206,17.768749441976567,4.229948554243576,56.7281987177598,0
C_00520,L_020,96,9.418090894203486,3.2896973331826596,18.51736670233552,4.206812199380591,57.36391398032512,0
C_00520,L_020,168,9.92819534203655,3.296812288523796,18.354451189326433,4.246762338581084,64.49907544046414,0
C_00521,L_001,0,8.929476055514916,3.2686013536141183,18.397107517529612,4.228258106271187,53.82092741108272,0
C_00521,L_001,24,8.3457675605225,3.285777185051302,18.935106769634857,4.167611765454483,55.27195430895871,0
C_00521,L_001,96,8.59906117032672,3.3303696119137376,17.890687929768703,4.183535179413464,58.61831975790945,0
C_00521,L_001,168,8.956651690789869,3.277017743957243,17.449387240022197,4.261326798595198,64.69616882063443,0
C_00522,L_002,0,8.175864745883246,3.2690128852974243,17.079265363094354,4.1560197205340605,52.86026117572774,0
C_00522,L_002,24,8.342085604547872,3.3423227511281928,17.879920527555775,4.195439863633089,55.03996046888452,0
C_00522,L_002,96,8.528500549178789,3.3100038240971674,18.12627669462828,4.2134749711953985,60.1825350079873,0
C_00522,L_002,168,8.88107001941243,3.2729569503823317,18.166599983785122,4.183330527733611,66.31975930130275,0
C_00523,L_003,0,8.754278896090122,3.3249417278399505,18.226189956938857,4.234164693381409,53.670664662299224,0
C_00523,L_003,24,8.779918757244644,3.2874076681435387,18.36585081392256,4.243138026455923,56.59143941337376,0
C_00523,L_003,96,8.897304545629442,3.339785145293056,17.9908101990827,4.211598863386068,59.49568974183284,0
C_00523,L_003,168,9.070227880808627,3.2794914919314224,18.170084508985585,4.213449799599107,63.58107108930347,0
C_00524,L_004,0,9.815805668986416,3.3076966458682744,18.58924183587548,4.179021831486839,54.2854212562684,0
C_00524,L_004,24,9.813496026588055,3.301461985576457,17.601660472948222,4.225179323859384,56.369268520888575,0
C_00524,L_004,96,10.502947296148298,3.29974935370033,17.81467222128834,4.240143203689191,60.072985702447966,0
C_00524,L_004,168,10.907178423095155,3.327071049935342,18.565775505510484,4.230064919387179,62.04695474208038,0
C_00525,L_005,0,7.968627036047747,3.33332790722313,18.261037875405844,4.16431108178712,55.45608267409505,0
C_00525,L_005,24,8.187340372796449,3.27264742392875,17.626385644763726,4.261654201029471,58.40230555461608,0
C_00525,L_005,96,8.652590926145132,3.332982716214678,18.547476956459374,4.230848074681992,61.761410470888755,0
C_00525,L_005,168,8.869132304777109,3.318400386078582,17.66628089706312,4.244278349172484,63.39485014537311,0
C_00526,L_006,0,9.531810128770873,3.2837585612397966,17.40743162251762,4.245908761604207,54.62410265761385,0
C_00526,L_006,24,9.554907316717978,3.284746873974798,18.574539666710848,4.236269903474218,55.60171563082903,0
C_00526,L_006,96,9.655869385212327,3.2913267548785448,18.25656871497737,4.21611685673462,59.28254112204413,0
C_00526,L_006,168,10.22302102589547,3.318969905787454,17.98116335817073,4.23300053801838,63.13091765334239,0
C_00527,L_007,0,7.785803295997547,3.3141616381196553,17.815144269419758,4.200312991769978,54.659368816820496,0
C_00527,L_007,24,7.75678033452142,3.310964735638491,17.25785017278357,4.272251194839522,56.13766747244527,0
C_00527,L_007,96,8.552801125380823,3.256583947189169,17.64336209701814,4.264145233403632,60.52299363340264,0
C_00527,L_007,168,9.169255654532066,3.3259235852562736,18.236238402651384,4.181100112171593,67.98148967644752,0
C_00528,L_008,0,8.922386579661303,3.3243930661625396,17.974163675282625,4.204034323996176,53.54729780183217,0
C_00528,L_008,24,9.01850101057691,3.283231727349565,17.720808207185947,4.145931999253843,56.12437241839633,0
C_00528,L_008,96,9.235019215098347,3.3144418907216746,18.297436978785072,4.1568258636658335,58.96637645706815,0
C_00528,L_008,168,9.972269545143757,3.2754809275580423,18.19198701800778,4.219220877360115,62.6440418829024,0
C_00529,L_009,0,9.247038832353756,3.302034248598843,17.95873716797273,4.1472355417870395,54.4824454264915,0
C_00529,L_009,24,9.548714162072354,3.2738952743282534,17.86467346551731,4.193139430368689,57.634563471974616,0
C_00529,L_009,96,9.385937265363987,3.2832351837021916,17.839618946886965,4.150922095236869,58.183606010829074,0
C_00529,L_009,168,10.296479205462555,3.3210529036541314,17.942991456078577,4.141383532139152,63.21237331690257,0
C_00530,L_010,0,9.334490142515785,3.2793797092617334,16.706332830095082,4.15786181688761,55.509221331061624,0
C_00530,L_010,24,9.103932115666117,3.269609096760033,17.361127177570605,4.187958496510162,56.72611122477853,0
C_00530,L_010,96,9.532080913307695,3.2897143277843433,17.71779695205073,4.178240372454509,58.076114967570405,0
C_00530,L_010,168,9.7853180029691,3.3050489317465646,18.081058249712616,4.212112178536132,63.31574727189671,0
C_00531,L_011,0,8.148543734435234,3.2662790919895794,17.8114605735074,4.20393068240442,54.52639011383327,0
C_00531,L_011,24,8.04072470635835,3.292287551737428,17.894456370382226,4.23472799768751,55.77885783893016,0
C_00531,L_011,96,8.312564688170923,3.2965836528972714,17.97771860472042,4.2104401983627975,61.74428256693062,0
C_00531,L_011,168,8.118497112238284,3.323414844971386,18.092974107475253,4.213205752447387,63.1763992901551,0
C_00532,L_012,0,7.520501354482848,3.28592255733802,18.129147836889427,4.275194000997812,52.728145236135035,0
C_00532,L_012,24,7.979312767068505,3.316130304327589,18.506274070359428,4.276427951260581,56.829146101655674,0
C_00532,L_012,96,7.855328068606757,3.3167202725119327,17.99834469567199,4.217385581883708,58.69322437266587,0
C_00532,L_012,168,8.171686770442312,3.3405191167193755,17.50506249878104,4.2424556903696615,62.70159972947117,0
C_00533,L_013,0,8.777675499040338,3.3141146028329147,17.83483420233125,4.196576407735568,54.003063604007686,0
C_00533,L_013,24,9.366193755291544,3.301779890468487,18.224550403783624,4.180517837600249,54.393680314475475,0
C_00533,L_013,96,9.443522422988842,3.2520819598248343,18.125391180793848,4.1601112729271135,58.788275778947146,0
C_00533,L_013,168,9.136091719730299,3.2753505579145186,18.015948778367846,4.112278834107757,62.5139986147236,0
C_00534,L_014,0,8.5965374325178,3.285138540630067,17.893132090890823,4.176311233443412,53.368868144312785,0
C_00534,L_014,24,8.656507544134737,3.3618253950980868,18.335537641665297,4.245662607821728,56.04497779834044,0
C_00534,L_014,96,8.75648903506182,3.3392562718402967,18.356580509575682,4.214330922943892,61.63114154920107,0
C_00534,L_014,168,8.674487821777857,3.3073029815111537,17.305313615799168,4.149989233935556,63.42040924134176,0
C_00535,L_015,0,8.719933295800633,3.3045762400204284,17.593145366831056,4.2359472952992485,54.99146349843595,0
C_00535,L_015,24,8.840001164983672,3.270089009651325,17.919752599441807,4.246034636473662,56.03577485909785,0
C_00535,L_015,96,8.813872240332087,3.286361045235629,17.55509097147128,4.182314911840994,60.73564172959901,0
C_00535,L_015,168,9.129290646930567,3.315828459954571,17.646726211289515,4.211375748693553,61.321118951152165,0
C_00536,L_016,0,8.317112215280897,3.278849471792691,17.48812071596468,4.221167399657879,54.266089795834695,0
C_00536,L_016,24,8.567103849695457,3.331866028904885,18.599436326667544,4.136293484829466,55.98072418726057,0
C_00536,L_016,96,9.007615402362918,3.2884602250213515,18.147457659162573,4.139516099162598,60.34883017914325,0
C_00536,L_016,168,9.469449774015485,3.2783700563791833,17.736565400181213,4.1468741409781025,64.75517081133168,0
C_00537,L_017,0,8.510036327182382,3.331919929742362,17.987687779479984,4.187774124686145,53.40986753545149,0
C_00537,L_017,24,8.450975360400054,3.27294551959422,17.706294906035733,4.190285416872936,56.664838665415296,0
C_00537,L_017,96,8.709032328470547,3.305259234499678,17.313827407522236,4.235180138334826,59.869252484800604,0
C_00537,L_017,168,9.419680694603427,3.2903091407455896,18.145556322799216,4.32816876648834,63.00409906081021,0
C_00538,L_018,0,9.015952086749843,3.2710224603455855,18.192204412581656,4.181057787147665,53.815693726299216,0
C_00538,L_018,24,8.58708210456796,3.333578180543347,17.874991212336777,4.153539270787136,55.91565362776352,0
C_00538,L_018,96,9.060222603367686,3.308365182293268,18.378637371960465,4.227532801794402,61.074657287876676,0
C_00538,L_018,168,9.583708752687034,3.2974846559333715,17.8519370864385,4.210637002040991,60.36403733940116,0
C_00539,L_019,0,7.44152589652105,3.303906610788455,18.483316689594428,4.167215473605611,53.36273035154883,0
C_00539,L_019,24,7.759086083413391,3.2892647564377366,17.50106283011883,4.144390209853641,57.88476198907233,0
C_00539,L_019,96,7.742967711481584,3.329983920132043,17.694214276577277,4.17254458936935,59.89753319326834,0
C_00539,L_019,168,8.0392167847285,3.30021374983422,18.443695198526335,4.219689173266749,63.280351621493175,0
C_00540,L_020,0,8.790205917479396,3.303998289418147,18.401803797142538,4.224232432045485,52.968281211657526,0
C_00540,L_020,24,9.017297195050254,3.2926842325596817,18.111220696834966,4.189696879923683,55.900518784930526,0
C_00540,L_020,96,9.0990723699628,3.341188790223539,18.907813231751536,4.243528958738869,60.125537937336425,0
C_00540,L_020,168,9.225155980542233,3.264465556418125,17.855297745015953,4.216649238610355,64.84955597929684,0
C_00541,L_001,0,8.599010489334482,3.3320246919793153,18.48848547095391,4.209044784205824,56.38191004758838,0
C_00541,L_001,24,9.054623236355615,3.3526397009210376,18.198748206514683,4.1839445672299,55.13126029798458,0
C_00541,L_001,96,11.743771814668074,3.27880245485563,19.310903352614588,4.188495208735372,60.900192962353266,0
C_00541,L_001,168,14.222112064957862,3.2798993119717976,20.990349165506622,4.219066049956853,63.083627254873306,1
C_00542,L_002,0,10.096783146300874,3.2915713440528194,17.192127094491678,4.1903791530291565,54.88369771644488,0
C_00542,L_002,24,10.339382101166024,3.2981741202551373,17.06980039892577,4.188235383736639,57.26387624054551,0
C_00542,L_002,96,12.541452801884857,3.2897232631778293,17.961511319123368,4.177208851072316,65.57802947616788,0
C_00542,L_002,168,14.432443289121478,3.277493750552462,18.120464640229095,4.225458106203218,73.01297982330703,1
C_00543,L_003,0,8.213390896326107,3.2894401722698063,17.56307734961562,4.227435894393737,54.83115713597883,0
C_00543,L_003,24,8.340613001763613,3.286543961011535,17.55677541786817,4.274956666698212,55.319360781233804,0
C_00543,L_003,96,9.137615847701294,3.304924495136631,18.702258871584657,4.8100382521995675,59.01590073083754,0
C_00543,L_003,168,9.856864138680443,3.2975713601249197,18.02838405307723,5.2145414231335945,63.62875777232885,1
C_00544,L_004,0,9.581432308661798,3.2795935047235742,18.240062180676265,4.216553637365673,54.222067151107474,0
C_00544,L_004,24,9.691299940386838,3.262805251742291,18.073332954596243,4.183632241756188,55.91557394148935,0
C_00544,L_004,96,9.958911806694626,3.2850901987554137,,4.2607876764432,63.00614486417,0
C_00544,L_004,168,10.129829358833991,3.308407480350226,18.292373474132543,4.240358117328381,62.579960736571465,0
C_00545,L_005,0,8.48437662395475,3.3106221298975367,18.492503738087496,4.202256594481034,55.278444490816845,0
C_00545,L_005,24,8.504302652744535,3.3188445204683745,17.196062418726818,4.130912769327979,55.162693223860714,0
C_00545,L_005,96,9.123246855821627,3.2683699991245128,18.0452066718748,4.192589624054748,60.67335991709936,0
C_00545,L_005,168,9.22396991984967,3.267678244274731,17.50175212477842,4.2029499530831504,62.687003865310054,0
C_00546,L_006,0,8.248076106314102,3.2894545598483287,18.127196455603457,4.1948436689573,55.947577209747024,0
C_00546,L_006,24,8.217613504496834,3.265065335073413,17.860595596290626,4.2045523040602575,57.14782931834412,0
C_00546,L_006,96,8.32301135967551,3.3045574445584496,17.658998744708267,4.150470959891153,58.08252143851154,0
C_00546,L_006,168,8.64626139913528,3.328745290096634,18.012811855999242,4.226790354482212,64.15840955077688,0
C_00547,L_007,0,8.269322474982832,3.3091182284323173,17.194646689925346,4.197855931685582,53.635856210735554,0
C_00547,L_007,24,8.345619317398853,3.2995149803575043,18.33457572109331,4.244815774350358,54.79614023820031,0
C_00547,L_007,96,8.492571063548953,3.291241438101904,19.270402835070215,4.159818664711634,60.1222164505574,0
C_00547,L_007,168,8.534257292280229,3.3188180326215244,18.219325058614057,4.242012746319724,62.366693066508816,0
C_00548,L_008,0,7.220770944584524,3.249161835525801,18.115455826566535,4.177459908834206,54.755330849360064,0
C_00548,L_008,24,7.182018969906474,3.3091511949374794,17.523476240295828,4.199864092310113,56.82940132475471,0
C_00548,L_008,96,7.599410986028349,3.3247324248858363,18.067714164903876,4.1575245370358855,59.35522811391336,0
C_00548,L_008,168,8.365557789693607,3.3411501331746947,16.661520196759035,4.217533726147794,63.129094571480124,0
C_00549,L_009,0,9.074430108963714,3.3138047371358663,17.483188511531246,4.247547546064375,54.44789089582734,0
C_00549,L_009,24,9.056996001573495,3.328108754034967,17.304691092699763,4.179934453262794,56.075665552819466,0
C_00549,L_009,96,9.919660029500577,3.2828744807840136,17.030265650774954,4.185298823960263,58.88541849308637,0
C_00549,L_009,168,9.983335808707618,3.3569134923360693,18.633103906943646,4.222516903756606,63.546660416885736,0
C_00550,L_010,0,7.7425408701790275,3.289573154946148,17.436470292496434,4.181399196353161,54.55772373960852,0
C_00550,L_010,24,8.137925449954347,3.2902977916224745,17.429643341172667,4.137991970932589,55.863127146883045,0
C_00550,L_010,96,8.455674179164152,3.286142182219671,17.78964459277857,4.224110905883395,59.82291226845631,0
C_00550,L_010,168,8.7383697650253,3.3022225709053856,18.431221681802395,4.183955428392109,64.66865550442722,0
C_00551,L_011,0,8.519387302863498,3.3007886169651104,18.249787912318226,4.152524541013571,53.42644571794778,0
C_00551,L_011,24,8.838348154060956,3.351937495797807,18.576058171037225,4.155059996916847,56.15482160517062,0
C_00551,L_011,96,8.804405147501583,3.3070975148282478,17.652502482400383,4.140032490897337,60.11269178988092,0
C_00551,L_011,168,9.32317552477606,3.307199993886845,18.18132653696146,4.223654012919175,62.5865793135602,0
C_00552,L_012,0,8.81308953344753,3.343581459371742,18.063913963050513,4.201702539858157,54.670382285254455,0
C_00552,L_012,24,8.88315866615173,3.2891161009069796,18.093905335964443,4.181914249064492,56.266318551528826,0
C_00552,L_012,96,9.152728453443865,3.302700295113358,18.262887724879214,4.200094834174992,59.39681065605591,0
C_00552,L_012,168,9.773926879718529,3.3030045960689938,17.553045847493944,4.245930809692931,60.58994587573282,0
C_00553,L_013,0,7.142706645930987,3.3044582396815807,17.81721343435908,4.177726028327075,54.931160056423344,0
C_00553,L_013,24,7.650392665100976,3.2878702829708213,17.164489390565226,4.253025572609945,55.257586229109684,0
C_00553,L_013,96,7.908110648468204,3.2717894079363665,18.346829430353814,4.1566341498075685,59.2781993842744,0
C_00553,L_013,168,8.301369574859583,3.2868645084859414,17.503398211060844,4.190187222699134,63.16078476222956,0
C_00554,L_014,0,8.534800481616065,3.3222113607742605,17.25181714937292,4.199749241056326,54.057289022460424,0
C_00554,L_014,24,8.472348325316792,3.3065252878249525,17.754636839099597,4.153470732093453,55.00191640837454,0
C_00554,L_014,96,9.159435995606401,3.2516923510910205,17.33650734239907,4.232309711424176,61.160568401912556,0
C_00554,L_014,168,9.59591172573947,3.315408409963525,18.1347594857343,4.174125492326982,62.65815140035504,0
C_00555,L_015,0,8.979993152428413,3.27937923558106,18.36210484265954,4.289660995565454,56.56629344009208,0
C_00555,L_015,24,9.064493028136289,3.2892042670077246,18.038408497928256,4.141853474741599,55.88171662308581,0
C_00555,L_015,96,9.157493916121542,3.3449749444211188,17.19224859928349,4.197336090207118,59.57079315522153,0
C_00555,L_015,168,9.290362470268432,3.295716461675375,17.625033438803023,4.177695784789489,64.54574066139725,0
C_00556,L_016,0,7.318149353975067,3.2803082949394065,17.784184056728172,4.181911784277694,53.81277393386545,0
C_00556,L_016,24,7.270965897219137,3.2734553477515713,18.038594899776527,4.244842185793442,56.0850589241087,0
C_00556,L_016,96,7.463924842854694,3.296921339872659,17.077215253339556,4.202995318589874,59.7255880063775,0
C_00556,L_016,168,7.613262275662112,3.2811975411917005,17.81539447430716,4.2546983310402595,62.51957475709143,0
C_00557,L_017,0,9.26577609943412,3.3202386378887527,18.065477948684226,4.203711594505642,54.37830715210793,0
C_00557,L_017,24,9.32461281267981,3.3340971643588513,17.999214904160908,4.167906359295181,56.786372278962574,0
C_00557,L_017,96,9.886289127894333,3.2893714466004056,18.427301009570176,4.1835575968605685,59.29586027887116,0
C_00557,L_017,168,10.015844366787023,3.2781506859838565,18.370143112572762,4.2290650399609335,62.081203563867234,0
C_00558,L_018,0,8.056300026073117,3.3471949561238854,17.83318292870066,4.221351050954341,54.34147085132855,0
C_00558,L_018,24,8.091452137580127,3.295869871981712,17.6141621491418,4.215548455114155,56.17218591285817,0
C_00558,L_018,96,8.205170251423993,3.3253543315562073,18.044554330216055,4.1994474702777,59.224938471525306,0
C_00558,L_018,168,8.318452105569234,3.331820520093227,17.6039154228887,4.223461301576621,64.60806793769555,0
C_00559,L_019,0,8.542474354246654,3.294469358733723,18.150963615987433,4.2022796500665,56.57666383116212,0
C_00559,L_019,24,7.896183273843788,3.3094280860317555,17.67279315863523,4.10790429628401,58.21946534768057,0
C_00559,L_019,96,8.813784083559092,3.28359877023999,18.355844477954076,4.256518316453964,59.13879245451348,0
C_00559,L_019,168,8.707402259318993,3.257092552336472,17.67772626157231,4.2512803049732,62.98476383685657,0
C_00560,L_020,0,9.072036077899304,3.289237004220285,18.72243451934384,4.2053401288882695,55.15978909561966,0
C_00560,L_020,24,8.573859401513575,3.3046163051907715,17.82284094723444,4.207721750576859,58.1758959123541,0
C_00560,L_020,96,9.213181455506758,3.3305095672506733,17.698400508026726,4.1756580502704805,61.03828008662792,0
C_00560,L_020,168,9.488678603394218,3.295353515779395,17.568615723448193,4.262946063594075,63.01932608776472,0
C_00561,L_001,0,8.212731167103087,3.313942741074092,17.629076366842117,4.214688116862099,55.01529203824487,0
C_00561,L_001,24,8.28463852616871,3.3225319184889917,18.31197233006648,4.214424843477457,58.456856676217676,0
C_00561,L_001,96,8.76786820441474,3.3190820636618903,17.391526174327016,4.218463544135287,59.79520303269827,0
C_00561,L_001,168,9.02887965507786,3.332399109475714,17.670084188371266,4.1592092375876,62.77910654310322,0
C_00562,L_002,0,9.085489541968292,3.303968056264062,18.212723832315948,4.182302897008816,52.686468306449726,0
C_00562,L_002,24,8.76493265194519,3.2931952775142177,17.42741871393688,4.214424973424683,54.48156978492632,0
C_00562,L_002,96,9.180799816800944,3.3038787032056605,18.174059799491037,4.228550729662989,59.016479045787264,0
C_00562,L_002,168,9.349726774148095,3.3059002032105043,16.906999360907985,4.240861029834379,62.58731929106491,0
C_00563,L_003,0,8.428120365824947,3.2727117635858605,18.335070619295795,4.14379533831726,53.455787685463285,0
C_00563,L_003,24,8.702099322086113,3.2842656366930685,17.582224204444923,4.238411634324465,55.02847140455036,0
C_00563,L_003,96,9.098785318583474,3.3212177418485074,17.895789324477875,4.200387709585964,60.708682679338814,0
C_00563,L_003,168,9.361893479043907,3.286802541816854,17.80512020733286,4.238996017359316,62.222302465759675,0
C_00564,L_004,0,9.09718466889417,3.2540506340197686,18.3215825503153,4.169126657894131,57.15317903829108,0
C_00564,L_004,24,9.030998722762085,3.277519743816354,17.323997662539345,4.184770726606045,55.81442645272671,0
C_00564,L_004,96,9.741908836834034,3.3309930741088793,18.30460781920402,4.143684643123009,59.09796677876903,0
C_00564,L_004,168,10.121985676466288,3.2975543391990976,17.989785211528247,4.22318209712345,63.72961852273543,0
C_00565,L_005,0,7.798976205093909,3.2742528005956224,17.972231693456767,4.154777341729746,56.4207269486702,0
C_00565,L_005,24,7.953002287744418,3.3362155471140977,17.982628156855398,4.209285940920786,54.07551739711194,0
C_00565,L_005,96,8.361850368239399,3.3023341465327447,17.70078832738229,4.215773447427524,57.01525054164722,0
C_00565,L_005,168,8.36026135247774,3.3082963431694976,18.53871094013722,4.205882340981059,63.204145940589555,0
C_00566,L_006,0,7.596946667220515,3.3144639564696043,17.694893493665784,4.209682523255189,56.02553583407732,0
C_00566,L_006,24,7.8038801555558335,3.338077372905876,17.365911034259927,4.22155750424468,55.46565961280247,0
C_00566,L_006,96,8.29411460176509,3.2667225745240205,17.423288770988066,4.178506413505573,61.649017864534116,0
C_00566,L_006,168,8.47616778746548,3.2682075861425073,17.607259143698865,4.182540700520799,63.18948949382385,0
C_00567,L_007,0,8.137624824355132,3.2716714926214037,18.285995057059004,4.198346336145796,53.880175521251864,0
C_00567,L_007,24,8.413934638056295,3.280212242476057,18.13315107653516,4.309517921414711,55.0673852850532,0
C_00567,L_007,96,8.959781736867539,3.283375612812801,17.395469963151818,4.237919017827551,60.23246585825925,0
C_00567,L_007,168,9.389903316632985,3.330333349573565,18.00949812249829,4.245990429415805,63.815225014039584,0
C_00568,L_008,0,8.636141314797827,3.321051266722371,17.771339199645258,4.217589655824128,53.85413846643102,0
C_00568,L_008,24,8.900558813359783,3.307823533412249,17.459050158523574,4.193182276201993,54.84357408442834,0
C_00568,L_008,96,8.82695368983838,3.2732262440343765,17.96872637034608,4.293904657788717,60.68915766261061,0
C_00568,L_008,168,9.436160101380988,3.3065033851900334,17.734716044880507,4.221445334071395,62.192906299152604,0
C_00569,L_009,0,8.152117214257594,3.3224773376655636,18.02584159865086,4.243620310432897,53.00647371667224,0
C_00569,L_009,24,8.232002728627727,3.2843018611748294,17.781181328087367,4.143322438185373,56.83925007799117,0
C_00569,L_009,96,8.527613222009611,3.3428855274449805,18.237744145475496,4.17397726936591,59.250933903310575,0
C_00569,L_009,168,8.722767351472138,3.3202941111706936,17.900722648487527,4.236679367000224,61.27275806937743,0
C_00570,L_010,0,8.646964967149765,3.272187913794407,18.3571795483784,4.189112640213242,53.083290372753204,0
C_00570,L_010,24,8.439083755756984,3.306390114626287,18.205886044476404,4.24447731761578,56.00386366241686,0
C_00570,L_010,96,8.915019717175849,3.3428418559792075,18.041837644270114,4.251669043061546,61.260967230545425,0
C_00570,L_010,168,9.129244745023907,3.3045308538594957,18.226427344879106,4.213712074743896,63.51446360748738,0
C_00571,L_011,0,8.259099782235443,3.341956753787334,17.866083856400852,4.167068791166709,54.97195222960493,0
C_00571,L_011,24,9.650044279327751,3.2859313042170752,18.025488598394748,4.174857806349075,54.79392478807377,0
C_00571,L_011,96,12.840884898576915,3.3205142899503723,19.933740611710984,4.19347502731356,60.20711996030035,0
C_00571,L_011,168,15.317001249406358,3.2835110526589304,20.3084214682529,4.249182078333323,63.125598438660695,1
C_00572,L_012,0,9.224998371590898,3.263966721637353,18.033841084425628,4.210216124450857,53.56581138306553,0
C_00572,L_012,24,9.935553192921304,3.3104225309770956,18.115587919308204,4.15408164545098,57.246576066183245,0
C_00572,L_012,96,11.807337641947013,3.33946779428265,17.877633412392587,4.2306050365893535,64.98179709509905,0
C_00572,L_012,168,13.539693653118778,3.3287101936871832,18.540978224143903,4.2702153893624475,74.05378229430859,1
C_00573,L_013,0,9.23323648380208,3.3192074872164605,18.603174299862022,4.187198489818332,54.26166026468279,0
C_00573,L_013,24,9.297526076874949,3.2728160339069032,17.92650317318306,4.259349892470753,57.15622678641366,0
C_00573,L_013,96,9.463093879969026,3.2945558078008315,19.315639510922097,4.848712140271888,59.35742899920958,0
C_00573,L_013,168,10.279312876456213,3.319973277176481,17.847946310982934,5.222132304126342,61.27266295595924,1
C_00574,L_014,0,8.769200954509877,3.302485063199544,17.681146778062228,4.168224954405846,53.76240477509662,0
C_00574,L_014,24,8.955485196363561,3.2980878557263282,18.730228873786043,4.174310035236355,56.0351220432517,0
C_00574,L_014,96,8.905576286496068,3.3146990236603275,,4.285667338731179,59.80316033317436,0
C_00574,L_014,168,9.45150734578545,3.3022497117277205,18.24859106178611,4.268380996123678,60.97126511630879,0
C_00575,L_015,0,9.49650836169048,3.2778177071959793,18.95329283003729,4.215428099438743,55.72010746631512,0
C_00575,L_015,24,9.082746068642257,3.294417823139793,17.120124751018277,4.185533078380506,55.62298381655284,0
C_00575,L_015,96,9.299669034797978,3.3186961298726088,17.901555170494778,4.183139646786852,59.25591587880184,0
C_00575,L_015,168,9.806508170601543,3.301830530261675,17.68456121036059,4.220026138961618,62.609599277917745,0
C_00576,L_016,0,8.64380771837938,3.3143034564974125,17.896516050418473,4.227070911791439,54.653794367791285,0
C_00576,L_016,24,8.432261399564998,3.293718625917658,18.67390476123921,4.208672922204386,54.9669105464756,0
C_00576,L_016,96,9.071681192865524,3.292826539119911,19.005629956778698,4.188120103626599,59.240989599829646,0
C_00576,L_016,168,8.954448339383521,3.2937728934790744,17.63652601064282,4.319078963126337,61.78592552489844,0
C_00577,L_017,0,8.709058108209552,3.3256389588929425,17.24587120233461,4.154285421088385,54.44574487943569,0
C_00577,L_017,24,9.17834937329391,3.290637075675763,18.18726820077339,4.203252004318381,55.84608693612808,0
C_00577,L_017,96,9.016277497449586,3.3183990800930694,17.910495481615833,4.245566796328205,61.12693866695274,0
C_00577,L_017,168,9.6722851757514,3.2974373322271826,17.548904037905814,4.163783479482121,62.01686147267962,0
C_00578,L_018,0,8.139298805350794,3.2528550661379105,17.83320753578232,4.2409434658650005,54.09170533083461,0
C_00578,L_018,24,8.285711714241394,3.306091318125354,17.62728282198263,4.267120404474514,56.989073534021244,0
C_00578,L_018,96,8.63896276506479,3.364767145901537,17.693917932809097,4.158528258968671,62.05274357924525,0
C_00578,L_018,168,8.87772311245565,3.357801663780074,17.87347839266732,4.180613767487839,62.14845149508706,0
C_00579,L_019,0,7.903692724752145,3.253105397098071,17.492132904880823,4.268849753499982,56.19676209797084,0
C_00579,L_019,24,8.135194817592389,3.3467208293287762,18.88124682276518,4.200705273064406,56.96942660431651,0
C_00579,L_019,96,8.415642282300018,3.2928849178128714,17.331153760889947,4.148955973524067,59.55034245879057,0
C_00579,L_019,168,9.112590261413988,3.2609649444271858,18.87748303441777,4.185784884352024,60.93280935731292,0
C_00580,L_020,0,10.08222513639956,3.3350466406908303,17.592277049879844,4.186733909336102,53.12057587489543,0
C_00580,L_020,24,9.93327905599985,3.3026957286860212,17.84187762339806,4.129387201327224,55.05590201898397,0
C_00580,L_020,96,10.393094017205366,3.294777511435102,17.852651717597233,4.171340366770199,58.874373393320546,0
C_00580,L_020,168,10.83155807771379,3.271505568579947,18.324370393508353,4.21688220883614,62.26793835696286,0
C_00581,L_001,0,8.520337831754029,3.28698332588477,18.149144446816447,4.218297560644923,54.5778671607425,0
C_00581,L_001,24,8.64873537109951,3.2521939336120287,18.523358586377405,4.19398803147741,58.75010509120105,0
C_00581,L_001,96,9.095308672153145,3.287368315407211,18.32485625274203,4.184813222661513,61.98573900695279,0
C_00581,L_001,168,9.184100642173807,3.3278250051511624,18.402842622998808,4.217999585276513,63.00322899169763,0
C_00582,L_002,0,9.848750856919175,3.3368501932530585,17.96550618606894,4.206362299922164,53.07135924196084,0
C_00582,L_002,24,10.128399260616842,3.2803226034762676,18.21201786599854,4.198247660441373,55.491828486947945,0
C_00582,L_002,96,10.590451546749371,3.2893530316591773,17.343571218613747,4.1467394447314545,60.09343502479265,0
C_00582,L_002,168,11.11489078788995,3.33350456417228,17.696426936855897,4.215380389350525,66.63198191003409,0
C_00583,L_003,0,8.047959338749104,3.321018634173099,17.56347839927009,4.187407357993701,54.29347177554916,0
C_00583,L_003,24,7.759196659090741,3.301989656120818,18.180831351179165,4.217780079216623,57.04180494918104,0
C_00583,L_003,96,7.902482413621656,3.2862256353120296,17.48985756681572,4.146117964831338,59.876403084656914,0
C_00583,L_003,168,8.325251030206248,3.265492940146151,18.122837959855914,4.2463852485353355,62.86230150997172,0
C_00584,L_004,0,7.208635745021385,3.2532385712734424,18.296252758085224,4.170090528230867,56.97545224055005,0
C_00584,L_004,24,7.062688526078955,3.298674188889701,17.758105754146673,4.202269166052398,56.97242545896846,0
C_00584,L_004,96,7.379517007313398,3.2706098747922328,18.220796817936296,4.215582836917186,58.89069236273536,0
C_00584,L_004,168,7.83132953635566,3.2955928010086373,18.07279307830616,4.245582466881167,61.06016139107502,0
C_00585,L_005,0,8.825966859172857,3.3030731154451827,18.22843504102801,4.216145166911916,54.648045373353504,0
C_00585,L_005,24,8.913569378892218,3.2889263629922536,17.711429830200068,4.200152691239064,57.63173353322858,0
C_00585,L_005,96,9.02615730141147,3.246798688267549,17.30283175897708,4.28798768301589,58.659306842133475,0
C_00585,L_005,168,9.990011497616681,3.3100788650288893,17.977608890263753,4.15497579532715,62.212199700444266,0
C_00586,L_006,0,8.4776311843888,3.2712832908523746,17.569275594637883,4.165896326264302,56.869164092820085,0
C_00586,L_006,24,8.886908453416051,3.3048973208741894,17.86361380401458,4.264091277009297,57.67664305569239,0
C_00586,L_006,96,9.097318617924262,3.3115741499886533,17.61173972677062,4.183134859715777,58.39714032239063,0
C_00586,L_006,168,9.837792897073774,3.347859181926427,18.051656638606453,4.204271256518289,62.14351490497488,0
C_00587,L_007,0,8.002645803880753,3.310330820575098,17.817609175744334,4.192416477495437,54.33973389827585,0
C_00587,L_007,24,8.059247186736622,3.2889638030745947,18.34298847132156,4.1313134159838,55.92031176077038,0
C_00587,L_007,96,8.429695980811772,3.3152504393996627,18.326285002416995,4.180249062170207,61.460564402230084,0
C_00587,L_007,168,8.508384278645448,3.293823299254285,18.314642111197962,4.191649518991167,61.90276973258491,0
C_00588,L_008,0,9.090636874294894,3.2957257177741766,17.626885363725226,4.1737262711144965,54.5373193576297,0
C_00588,L_008,24,8.720880627761172,3.3264310343128143,17.737828754896697,4.183561082662808,52.50923006717529,0
C_00588,L_008,96,8.676812682606572,3.3297512294649936,18.2777823362977,4.1566738673138515,56.77325394698488,0
C_00588,L_008,168,9.032470966558568,3.2700968066960807,17.098135252418878,4.208631584502422,62.243313130112135,0
C_00589,L_009,0,8.5911856864009,3.3014475477456733,17.879196886096896,4.196511172580112,56.05028486265058,0
C_00589,L_009,24,8.879396286119437,3.2245552386446095,18.522823059256805,4.215342463761861,55.88871918249618,0
C_00589,L_009,96,9.465793551490048,3.288817379824963,17.81146245761202,4.177834844511867,57.79028082638476,0
C_00589,L_009,168,9.619014506400998,3.272579132847735,18.5092851647727,4.207844743609331,63.64431656718272,0
C_00590,L_010,0,8.297491955929013,3.3076428817430705,17.306380078891305,4.208843961870729,54.198895958984586,0
C_00590,L_010,24,8.6595419789204,3.3136665831712477,18.186546760638763,4.137864511200675,55.2360033918395,0
C_00590,L_010,96,8.66504108722296,3.2990784024255744,16.958124145399616,4.146938137836419,59.447354097219986,0
C_00590,L_010,168,9.314770795597767,3.291154603813008,17.5910655047912,4.171629843296516,64.42684033060823,0
C_00591,L_011,0,8.606851558960106,3.3014680123061133,17.375173439375082,4.1855720309929145,56.85597661998073,0
C_00591,L_011,24,8.66481282640388,3.287859286660644,18.147109331526895,4.262735788405297,56.35524682893873,0
C_00591,L_011,96,9.213283463028276,3.3155400594379696,18.487959018600534,4.184182631637563,59.745391815797966,0
C_00591,L_011,168,9.24624636684633,3.313656930914099,18.356585769995338,4.220002247644476,62.75168700601872,0
C_00592,L_012,0,9.31154030375656,3.3169374086481165,18.060376402566547,4.228532933296199,56.06245306347895,0
C_00592,L_012,24,9.2533742229408,3.307512761920628,17.40171795158183,4.221126227260438,55.07005178457096,0
C_00592,L_012,96,9.407566955310836,3.3009940239819073,17.671168626915236,4.211873590116242,58.07284610061039,0
C_00592,L_012,168,9.603882787428512,3.314199361470608,17.656129573512196,4.3065189749893875,63.079868388523465,0
C_00593,L_013,0,8.65992930731427,3.2897712087570383,17.386306286476515,4.234148509885111,53.81878988054348,0
C_00593,L_013,24,8.632815206660373,3.323389150641403,18.123508592463846,4.297979152970271,55.64416847752344,0
C_00593,L_013,96,8.553473294080899,3.293601249884901,19.017528087873654,4.280491527375518,57.5017375799087,0
C_00593,L_013,168,8.743266611266497,3.283062131505739,17.627147984186795,4.183662924478369,64.5464290408727,0
C_00594,L_014,0,9.7292828467394,3.2584118006491503,18.023690619571113,4.156125130853083,54.86620220242727,0
C_00594,L_014,24,9.590065416141023,3.2840504813492184,18.101511813017865,4.210991393238558,55.78955923818717,0
C_00594,L_014,96,10.079528070673597,3.278284636478661,18.30671364106774,4.200323467685124,59.30764386434779,0
C_00594,L_014,168,10.186932050710153,3.293965063488333,18.841787665580664,4.212467449195897,62.41960372543453,0
C_00595,L_015,0,7.809994145483037,3.2848584862393353,18.576347992264427,4.176369609734162,54.433685877049896,0
C_00595,L_015,24,7.691673795218032,3.292677340357113,18.629998103658053,4.208869826134111,57.82028671715019,0
C_00595,L_015,96,8.196964946771235,3.3064260713240166,18.85731717242197,4.1480144999017385,62.29718770159533,0
C_00595,L_015,168,8.46708828293725,3.320334317236833,17.275566967500627,4.2388819622624805,61.03469996018215,0
C_00596,L_016,0,9.009223728891824,3.333978323378824,18.24250677350169,4.181597197814912,56.254581910614846,0
C_00596,L_016,24,9.020597578609197,3.298998153136322,18.07875828240732,4.116735033219387,54.769330210398515,0
C_00596,L_016,96,9.666394209188034,3.313688436121996,18.732060397127857,4.21599756998924,59.30795616951978,0
C_00596,L_016,168,9.87216130501605,3.3171752739528095,17.608910688235163,4.249673479086454,61.90852454850274,0
C_00597,L_017,0,9.800866140374879,3.325475983132007,17.056629253390295,4.165853918208252,55.66467107051076,0
C_00597,L_017,24,9.718141503414996,3.3103331655871373,16.78594865492672,4.190109592289744,54.606640535956636,0
C_00597,L_017,96,9.817718988833064,3.3036566729874965,17.83575284097658,4.166213790928442,60.5322923678379,0
C_00597,L_017,168,9.967627034559237,3.3153813630083238,18.313424965932956,4.21843445676653,62.97953301133142,0
C_00598,L_018,0,9.45730551570466,3.3031594888597313,18.223619182055938,4.149421946068683,53.26717051614432,0
C_00598,L_018,24,9.597729190019471,3.2928000777250217,17.57904608431591,4.245228993560147,58.2918124491904,0
C_00598,L_018,96,10.172093125074486,3.2846698765025164,18.774227346572523,4.2011924771685205,58.24930483295194,0
C_00598,L_018,168,9.927979826435035,3.3004709094636673,18.362137198576754,4.2414830854678325,64.89689605058437,0
C_00599,L_019,0,9.61524322724017,3.282368612457026,18.25764347750328,4.19123359040889,55.10177004741978,0
C_00599,L_019,24,9.500128229442439,3.2802929212303757,17.882688063544897,4.2079401472259255,56.389906070756275,0
C_00599,L_019,96,10.051129382232755,3.325248888920409,18.130491224322075,4.178045581262649,59.448159772974016,0
C_00599,L_019,168,10.406450618402225,3.274752864098195,18.051236828167735,4.229437948573947,62.01117228972246,0
C_00600,L_020,0,8.31870254354696,3.2822626782725552,18.597474176931417,4.199634960261095,54.058124033192215,0
C_00600,L_020,24,8.503588282416272,3.3166988976323726,17.844921132274088,4.238222108949894,55.51429582148001,0
C_00600,L_020,96,8.8969576599766,3.2997761915056945,17.97839444171172,4.180850855592835,58.0460524422007,0
C_00600,L_020,168,8.587909229424344,3.280930583276255,18.26445294927106,4.176548863107813,61.52657984338391,0
